,DateTime,Unnamed: 0,agency_cd,site_no,measurement_nu,measurement_dt,tz_cd,q_meas_used_fg,party_nm,site_visit_coll_agency_cd,gage_height_va,discharge_va,measured_rating_diff,gage_va_change,gage_va_time,control_type_cd,discharge_cd,chan_nu,chan_name,meas_type,streamflow_method,velocity_method,chan_discharge,chan_width,chan_area,chan_velocity,chan_stability,chan_material,chan_evenness,long_vel_desc,horz_vel_desc,vert_vel_desc,chan_loc_cd,chan_loc_dist,discharge_cms,gage_height_m,q_pred_cms,q_resid_cms,median,std,q_resid_cms_med_date
0,1932-02-26 00:00:00,6,,,,2/26/1932 0:00,,,,,9.7,16219.78,,,,,,,,,,,,,,,,,,,,,,,459.293022,4.77656,435.07849163636365,24.214530363636356,-22.846480363636367,40.74997182085324,24.214530363636356
1,1932-11-07 00:00:00,11,,,,11/7/1932 0:00,,,,,4.46,3569.0,,,,,,,,,,,,,,,,,,,,,,,101.0628255,3.179408,125.88106196363637,-24.818236463636367,-22.846480363636367,40.74997182085324,-0.3018530500000054
2,1933-03-07 00:00:00,13,,,,3/7/1933 0:00,,,,,4.62,3911.7,,,,,,,,,,,,,,,,,,,,,,,110.7670088,3.228176,133.06017367272727,-22.293164872727274,-22.846480363636367,40.74997182085324,-22.293164872727274
3,1933-12-07 00:00:00,17,,,,12/7/1933 0:00,,,,,4.97,4142.7,,,,,,,,,,,,,,,,,,,,,,,117.3082004,3.334856,149.30759025454543,-31.999389854545427,-22.846480363636367,40.74997182085324,-23.55570066818182
4,1933-12-09 00:00:00,18,,,,12/9/1933 0:00,,,,,7.63,9612.7,,,,,,,,,,,,,,,,,,,,,,,272.2013512,4.145624,295.60114705454544,-23.39979585454546,-22.846480363636367,40.74997182085324,-23.39979585454546
5,1934-01-23 00:00:00,20,,,,1/23/1934 0:00,,,,,8.34,11926.0,,,,,,,,,,,,,,,,,,,,,,,337.7067125,4.362032,341.03238734545454,-3.3256748454545573,-22.846480363636367,40.74997182085324,-22.846480363636367
6,1934-02-08 00:00:00,21,,,,2/8/1934 0:00,,,,,4.43,3530.3,,,,,,,,,,,,,,,,,,,,,,,99.96696352,3.170264,124.55085934545454,-24.583895825454547,-22.846480363636367,40.74997182085324,-23.39979585454546
7,1934-03-07 00:00:00,23,,,,3/7/1934 0:00,,,,,4.32,3783.5,,,,,,,,,,,,,,,,,,,,,,,107.1367891,3.136736,119.7221648,-12.5853757,-22.846480363636367,40.74997182085324,-22.846480363636367
8,1934-11-08 00:00:00,36,,,,11/8/1934 0:00,,,,,5.08,4580.7,,,,,,,,,,,,,,,,,,,,,,,129.7109792,3.368384,154.54649265454543,-24.835513454545435,-22.846480363636367,40.74997182085324,-23.39979585454546
9,1935-01-03 00:00:00,37,,,,1/3/1935 0:00,,,,,5.82,6833.1,,,,,,,,,,,,,,,,,,,,,,,193.4918444,3.593936,191.76143083636364,1.730413563636347,-22.846480363636367,39.616314622235556,-22.846480363636367
10,1935-02-05 00:00:00,38,,,,2/5/1935 0:00,,,,,4.72,3544.0,,,,,,,,,,,,,,,,,,,,,,,100.3549043,3.258656,137.6055729454546,-37.25066864545461,-22.846480363636367,40.4454243116209,-23.39979585454546
11,1936-02-26 00:00:00,47,,,,2/26/1936 0:00,,,,,4.2,3457.0,,,,,,,,,,,,,,,,,,,,,,,97.89133867,3.10016,114.53568799999995,-16.644349329999955,-20.022072592272707,40.25687474183814,-22.846480363636367
12,1936-02-27 00:00:00,48,,,,2/27/1936 0:00,,,,,6.91,8416.0,,,,,,,,,,,,,,,,,,,,,,,238.3145809,3.926168,252.1863025454546,-13.871721645454585,-15.25803548772727,39.40850601090012,-22.293164872727274
13,1936-12-23 00:00:00,59,,,,12/23/1936 0:00,,,,,5.49,5522.0,,,,,,,,,,,,,,,,,,,,,,,156.3656269,3.493352,174.78717149090906,-18.421544590909065,-15.25803548772727,39.184587222468274,-16.644349329999955
14,1937-06-21 00:00:00,65,,,,6/21/1937 0:00,,,,,4.15,3264.1,,,,,,,,,,,,,,,,,,,,,,,92.42901896,3.08492,112.41241018181815,-19.983391221818152,-17.53294696045451,11.091205775315187,-18.421544590909065
15,1937-11-22 00:00:00,70,,,,11/22/1937 0:00,,,,,5.71,5963.9,,,,,,,,,,,,,,,,,,,,,,,168.8788414,3.560408,186.04782196363632,-17.168980563636325,-17.795262577272695,10.009125335874163,-17.168980563636325
16,1938-01-20 00:00:00,72,,,,1/20/1938 0:00,,,,,4.22,3175.7,,,,,,,,,,,,,,,,,,,,,,,89.92580972,3.106256,115.4001008,-25.47429108,-17.795262577272695,10.074376803386512,-18.421544590909065
17,1940-02-06 00:00:00,94,,,,  1940-02-06,,,,,6.18,6926.2,,,,,,,,,,,,,,,,,,,,,,,196.1281429,3.703664,210.99345338181814,-14.865310481818142,-17.795262577272695,9.951948495000186,-18.57618589272724
18,1941-01-17 00:00:00,105,,,,  1941-01-17,,,,,6.96,7290.0,,,,,,,,,,,,,,,,,,,,,,,206.4298117,3.941408,255.12485163636364,-48.695039936363656,-17.795262577272695,13.733681057834433,-25.47429108
19,1941-12-16 00:00:00,116,,,,  1941-12-16,,,,,4.62,4509.5,,,,,,,,,,,,,,,,,,,,,,,127.6948197,3.228176,133.06017367272727,-5.365353972727277,-17.795262577272695,22.349135600101587,-14.865310481818142
20,1941-12-19 00:00:00,117,,,,  1941-12-19,,,,,6.05,7890.0,,,,,,,,,,,,,,,,,,,,,,,223.4199196,3.66404,203.97954109090907,19.44037850909092,-17.795262577272695,26.56887442471651,-10.11533222727271
21,1942-11-23 00:00:00,124,,,,  1942-11-23,,,,,5.74,6497.1,,,,,,,,,,,,,,,,,,,,,,,183.977384,3.569552,187.6024682181818,-3.6250842181817973,-17.795262577272695,27.131936236121387,-5.365353972727277
22,1943-12-02 00:00:00,133,,,4.0,  1943-12-02,,,,,7.03,8130.0,,,,,,,,,,,,,,,,,,,,,,,230.2159628,3.962744,259.2388203636363,-29.022857563636308,-18.57618589272724,27.204644417065584,-5.365353972727277
23,1945-02-08 00:00:00,144,,,15.0,  1945-02-08,,,,,8.16,9970.0,,,,,,,,,,,,,,,,,,,,,,,282.3189605,4.307168,329.27150385454553,-46.952543354545526,-21.321635821818163,28.236370200626915,-29.022857563636308
24,1946-12-13 00:00:00,163,,,34.0,  1946-12-13,,,,,4.8,5090.0,,,,,,,,,,,,,,,,,,,,,,,144.1327492,3.28304,141.3244174545455,2.8083317454544954,-20.16980078090907,29.54954071334838,-22.072105804545515
25,1947-02-12 00:00:00,166,,,37.0,  1947-02-12,,,,,7.23,9170.0,,,,,,,,,,,,,,,,,,,,,,,259.6654832,4.023704,271.1462129454546,-11.480729745454596,-13.173020113636369,29.76435094994224,-11.480729745454596
26,1953-01-09 00:00:00,189,,,98.0,  1953-01-09,,,,,7.85,10200.0,,,,,,,,,,,,,,,,,,,,,,,288.8318352,4.21268,309.4156189090908,-20.583783709090824,-16.03225672727271,29.669493124374796,-20.583783709090824
27,1954-01-06 00:00:00,202,,,111.0,  1954-01-06,,,,,6.33,7480.0,,,,,,,,,,,,,,,,,,,,,,,211.8100125,3.749384,219.22222210909092,-7.412209609090922,-9.44646967727276,28.458867373587303,-13.997996659090873
28,1954-11-15 00:00:00,212,,,121.0,  1954-11-15,,,,,5.15,5130.0,,,,,,,,,,,,,,,,,,,,,,,145.265423,3.38972,157.94918036363637,-12.683757363636374,-9.44646967727276,18.031584139501547,-12.683757363636374
29,1954-11-18 00:00:00,213,,,122.0,  1954-11-18,,,,,10.57,15100.0,,,,,,,,,,,,,,,,,,,,,,,427.5843835,5.041736,499.8778496000001,-72.2934661000001,-12.082243554545485,26.11545930934209,-16.6337705363636
30,1955-11-04 00:00:00,224,,,133.0,  1955-11-04,,,,,10.88,15800.0,,,,,,,,,,,,,,,,,,,,,,,447.4061762,5.136224,523.8089837090911,-76.40280750909108,-16.6337705363636,28.272593850440664,-20.583783709090824
31,1956-12-10 00:00:00,234,,,143.0,  1956-12-10,,,,,6.77,8040.0,,,,,,,,,,,,,,,,,,,,,,,227.6674466,3.883496,244.07385047272726,-16.406403872727253,-18.49509379090904,27.333343128067522,-16.406403872727253
32,1957-02-25 00:00:00,237,,,146.0,  1957-02-25,,,,,6.2,7040.0,,,,,,,,,,,,,,,,,,,,,,,199.3506,3.70976,212.09062254545455,-12.740022545454565,-14.573213209090909,27.815421691852055,-16.406403872727253
33,1958-01-24 00:00:00,245,,,154.0,  1958-01-24,,,,,4.92,5140.0,,,,,,,,,,,,,,,,,,,,,,,145.5485915,3.319616,146.9262709818182,-1.3776794818182054,-12.71188995454547,27.99161585095131,-14.573213209090909
34,1959-01-24 00:00:00,256,,,165.0, 1/24/1959,,,,,7.18,8410.0,,,,,,,,,,,,,,,,,,,,,,,238.1446798,4.008464,268.1597271272727,-30.01504732727267,-14.573213209090909,26.53414862929024,-14.573213209090909
35,1962-11-26 00:00:00,303,,,211.0,11/26/1962 0:00,,,,,6.85,7040.0,,,,,,,,,,,,,,,,,,,,,,,199.3506,3.90788,248.6983869090909,-49.34778690909093,-18.49509379090904,26.90909832567233,-49.34778690909093
36,1962-11-26 00:00:00,304,,,212.0,11/26/1962 0:00,,,,,6.58,6470.0,,,,,,,,,,,,,,,,,,,,,,,183.2099975,3.825584,233.21670763636365,-50.006710136363665,-23.21072559999996,27.378551548979726,-49.6772485227273
37,1965-04-20 00:00:00,330,,,238.0,  1965-04-20,,,,,10.64,4900.0,,,,,,,,,,,,,,,,,,,,,,,138.7525483,3.243072,135.2815735272728,3.470974772727203,-23.21072559999996,28.687895316880482,-49.34778690909093
38,1968-01-20 00:00:00,354,USGS,12061500.0,262.0,1/20/1968 0:00,,Yes,AM,USGS,14.32,10400.0,Unspecified,0.18,1.5,,NONE,1.0,Imported Channel 1,UNSP,other,,10400.0,,,,UNSP,UNSP,UNSP,unkn,UNSP,UNSP,UNSP,,294.4952046,4.364736,341.6197453090908,-47.12454070909075,-38.56979401818171,28.203843488676203,-21.826782968181774
39,1968-03-15 00:00:00,355,,,263.0,  1968-03-15,,,,,10.44,4240.0,,,,,,,,,,,,,,,,,,,,,,,120.0634296,3.182112,126.27442021818183,-6.210990618181825,-23.21072559999996,26.225681329648527,-6.210990618181825
40,1968-12-09 00:00:00,361,,,269.0,  1968-12-09,,,,,10.04,3530.0,,,,,,,,,,,,,,,,,,,,,,,99.95846847,3.060192,108.99859738181814,-9.040128911818144,-14.573213209090909,20.645025299873126,-9.040128911818144
41,1969-12-12 00:00:00,372,,,280.0,  1969-12-12,,,,,10.58,3920.0,,,,,,,,,,,,,,,,,,,,,,,111.0020386,3.224784,132.5543339636364,-21.55229536363639,-17.146158954545477,20.55738433251717,-15.296212137727267
42,1970-01-23 00:00:00,373,,,281.0,  1970-01-23,,,,,11.63,5240.0,,,,,,,,,,,,,,,,,,,,,,,148.3802761,3.544824,183.39825861818184,-35.01798251818184,-25.78367134545453,20.601970036363834,-21.55229536363639
43,1970-12-11 00:00:00,380,,,288.0,  1970-12-11,,,,,11.15,4440.0,,,,,,,,,,,,,,,,,,,,,,,125.7267989,3.39852,159.3549403636364,-33.62814146363638,-31.821594395454525,19.022674583128456,-27.590218413636386
44,1971-01-19 00:00:00,381,,,289.0,  1971-01-19,,,,,13.68,8680.0,,,,,,,,,,,,,,,,,,,,,,,245.7902284,4.169664,300.53459214545455,-54.744363745454564,-34.32306199090911,20.854948973929375,-27.590218413636386
45,1973-12-11 00:00:00,400,,,308.0,  1973-12-11,,,,,10.7,3220.0,,,,,,,,,,,,,,,,,,,,,,,91.18024603,3.26136,138.01368436363637,-46.833438333636366,-34.32306199090911,20.613819083469267,-50.788901039545465
46,1973-12-17 00:00:00,401,,,309.0,  1973-12-17,,,,,11.92,4620.0,,,,,,,,,,,,,,,,,,,,,,,130.8238313,3.633216,198.57186865454545,-67.74803735454546,-34.32306199090911,23.130298531990725,-54.744363745454564
47,1974-01-17 00:00:00,402,USGS,12061500.0,310.0,1/17/1974 0:00,,Yes,OCH,USGS,15.0,11300.0,Good,-0.08,1.3,,NONE,1.0,Imported Channel 1,UNSP,other,,11300.0,,,,UNSP,UNSP,UNSP,unkn,UNSP,UNSP,UNSP,,319.9803665,4.572,387.539,-67.55863349999998,-40.9257104259091,21.957333693874155,-61.151498622727274
48,1975-11-17 00:00:00,414,,,322.0,  1975-11-17,,,,,12.1,4042.0,,,,,,,,,,,,,,,,,,,,,,,114.4566939,3.68808,208.2276276363636,-93.77093373636359,-40.9257104259091,28.008788825571944,-67.65333542727272
49,1975-12-10 00:00:00,415,,,323.0,  1975-12-10,,,,,10.38,2510.0,,,,,,,,,,,,,,,,,,,,,,,71.07528495,3.163824,123.61401498181819,-52.53873003181819,-49.68608418272728,24.780805325926327,-67.55863349999998
50,1976-01-15 00:00:00,417,,,325.0,  1976-01-15,,,,,14.48,8040.0,,,,,,,,,,,,,,,,,,,,,,,227.6674466,4.413504,352.21304159999994,-124.54559499999993,-53.64154688863638,30.691660866096807,-67.65333542727272
51,1976-03-18 00:00:00,418,,,326.0,  1976-03-18,,,,,11.21,3240.0,,,,,,,,,,,,,,,,,,,,,,,91.74658296,3.416808,162.2763652363637,-70.52978227636369,-61.151498622727274,27.67022097058508,-67.74803735454546
52,1979-12-17 00:00:00,441,USGS,12061500.0,349.0,12/17/1979 0:00,,Yes,DJK,USGS,15.6,12900.0,Fair,0.08,0.9,,NONE,1.0,Imported Channel 1,UNSP,other,,12900.0,,,,UNSP,UNSP,UNSP,unkn,UNSP,UNSP,UNSP,,365.287321,4.75488,429.93087127272725,-64.64355027272723,-66.1010918863636,25.65255804878873,-64.64355027272723
53,1981-11-24 00:00:00,454,USGS,12061500.0,362.0,  1981-11-24,,,,,10.94,2540.0,,,,,,,,,,,,,,,,,,,,,,,71.92479034,3.334512,149.25383869090913,-77.32904835090913,-67.65333542727272,47.20758006853697,-70.98629931181819
54,1982-02-03 00:00:00,455,USGS,12061500.0,363.0,  1982-02-03,,,,,10.16,1220.0,,,,,,,,,,,,,,,,,,,,,,,34.54655284,3.096768,114.05470239999997,-79.50814955999996,-69.13890981545458,47.269802974166296,-77.32904835090913
55,1982-02-23 00:00:00,456,USGS,12061500.0,364.0,  1982-02-23,,,,,10.76,3120.0,,,,,,,,,,,,,,,,,,,,,,,88.34856137,3.279648,140.80642821818185,-52.45786684818185,-69.04420788818183,47.382072377464446,-70.98629931181819
56,1982-12-16 00:00:00,461,USGS,12061500.0,369.0,12/16/1982 0:00,,Yes,RS,USGS,15.56,10100.0,Fair,-0.26,4.0,,NONE,1.0,Imported Channel 1,CRAN,unspe,unkno,10100.0,300.0,1850.0,5.01,UNSP,UNSP,UNSP,unkn,UNSP,UNSP,UNSP,,286.0001506,4.742688,427.0426048,-141.0424542,-73.92941531363641,53.55568157458912,-78.41859895545454
57,1983-01-14 00:00:00,462,USGS,12061500.0,370.0,  1983-01-14,,,,,10.64,1630.0,,,,,,,,,,,,,,,,,,,,,,,46.15645994,3.243072,135.2815735272728,-89.1251135872728,-73.92941531363641,53.34450708042169,-79.50814955999996
58,1983-11-16 00:00:00,466,USGS,12061500.0,375.0,11/16/1983 0:00,,Yes,DJK/RAS,USGS,15.93,13400.0,Good,-0.13,2.0,Unspecifed,NONE,1.0,Imported Channel 1,CRAN,unspe,unkno,13400.0,363.0,1940.0,4.86,UNSP,UNSP,UNSP,unkn,UNSP,UNSP,UNSP,,379.4457443,4.855464,453.9697688727271,-74.52402457272711,-75.92653646181813,53.02678323792161,-78.41859895545454
59,1984-01-16 00:00:00,467,USGS,12061500.0,376.0,1/16/1984 0:00,,Yes,WVF,USGS,10.1,880.0,Good,-0.01,0.5,Clear,NONE,1.0,Imported Channel 1,WADE,unspe,unkno,880.0,190.0,370.0,2.38,UNSP,UNSP,UNSP,unkn,UNSP,UNSP,UNSP,,24.918825,3.07848,111.52333890909087,-86.60451390909087,-75.92653646181813,50.089448666901326,-79.50814955999996
60,1984-03-01 00:00:00,468,USGS,12061500.0,377.0,3/1/1984 0:00,,Yes,WVF,USGS,11.27,2160.0,Good,0.01,1.0,Clear,NONE,1.0,Imported Channel 1,CRAN,unspe,unkno,2160.0,197.0,602.0,3.59,UNSP,UNSP,UNSP,unkn,UNSP,UNSP,UNSP,,61.16438864,3.435096,165.23285076363643,-104.06846212363644,-78.41859895545454,51.40159829843852,-83.05633173454541
61,1984-04-19 00:00:00,469,USGS,12061500.0,378.0,4/19/1984 0:00,,Yes,WVF,USGS,10.37,1180.0,Fair,-0.01,0.8,Clear,NONE,1.0,Imported Channel 1,CRAN,unspe,unkno,1180.0,190.0,420.0,2.81,UNSP,UNSP,UNSP,unkn,UNSP,UNSP,UNSP,,33.41387898,3.160776,123.17061410909089,-89.75673512909088,-83.05633173454541,51.663482126428384,-86.60451390909087
62,1985-05-03 00:00:00,475,USGS,12061500.0,384.0,5/3/1985 0:00,,Yes,WVF,USGS,10.27,1110.0,Good,0.0,0.5,,NONE,1.0,Imported Channel 1,UNSP,other,,1110.0,,,,UNSP,UNSP,UNSP,unkn,UNSP,UNSP,UNSP,,31.43169972,3.130296,118.80897279999999,-87.37727308,-86.99089349454543,22.873781090730983,-89.1251135872728
63,1986-01-24 00:00:00,480,USGS,12061500.0,389.0,1/24/1986 0:00,,Yes,WVF,USGS,12.22,2910.0,Good,-0.05,1.4,,NONE,1.0,Imported Channel 1,UNSP,other,,2910.0,,,,UNSP,UNSP,UNSP,unkn,UNSP,UNSP,UNSP,,82.40202358,3.724656,214.7716317090909,-132.36960812909092,-88.2511933336364,26.33331380153978,-88.56700410454545
64,1986-02-27 00:00:00,481,USGS,12061500.0,390.0,2/27/1986 0:00,,Yes,WVF,USGS,12.0,2650.0,Fair,,,,NONE,1.0,Imported Channel 1,UNSP,other,,2650.0,,,,UNSP,UNSP,UNSP,unkn,UNSP,UNSP,UNSP,,75.03964347,3.6576,202.84153454545455,-127.80189107545455,-89.44092435818185,27.830626535955417,-89.75673512909088
65,1986-12-16 13:00:00,486,USGS,12061500.0,395.0,12/16/1986 13:00,PST,Yes,ROO,USGS,11.27,1750.0,Good,-0.02,1.2,Clear,NONE,1.0,Imported Channel 1,WADE,unspe,unkno,1750.0,182.0,524.0,3.34,UNSP,UNSP,UNSP,unkn,UNSP,UNSP,UNSP,,49.55448154,3.435096,165.23285076363643,-115.67836922363644,-96.91259862636366,22.960863787053572,-104.06846212363644
66,1987-02-12 13:00:00,487,USGS,12061500.0,396.0,2/12/1987 13:00,PST,Yes,ROO,USGS,11.38,2000.0,Good,-0.02,0.9,Clear,NONE,1.0,Imported Channel 1,CWAY,unspe,unkno,2000.0,184.0,516.0,3.88,UNSP,UNSP,UNSP,unkn,UNSP,UNSP,UNSP,,56.63369318,3.468624,170.7052299636364,-114.07153678363642,-96.91259862636366,19.568664969842594,-114.07153678363642
67,1987-04-07 12:45:00,488,USGS,12061500.0,397.0,4/7/1987 12:45,PDT,Yes,ROO,USGS,10.15,693.0,Good,0.0,0.6,Clear,NONE,1.0,Imported Channel 1,WADE,unspe,unkno,693.0,187.0,302.0,2.29,UNSP,UNSP,UNSP,unkn,UNSP,UNSP,UNSP,,19.62357469,3.09372,113.62729018181813,-94.00371549181813,-99.03608880772728,19.266688427584224,-114.07153678363642
68,1988-01-26 13:38:00,493,USGS,12061500.0,402.0,1/26/1988 13:38,PST,Yes,WVF,USGS,10.28,717.0,Good,-0.01,0.8,Clear,NONE,1.0,Imported Channel 1,WADE,unspe,unkno,717.0,186.0,312.0,2.3,UNSP,UNSP,UNSP,unkn,UNSP,UNSP,UNSP,,20.30317901,3.133344,119.24117920000002,-98.93800019000003,-101.50323115681823,16.683799675798774,-114.07153678363642
69,1989-02-09 13:35:00,498,USGS,12061500.0,407.0,2/9/1989 13:35,PST,Yes,ROO,USGS,10.02,558.0,Good,0.0,0.5,Clear,NONE,1.0,Imported Channel 1,WADE,unspe,unkno,558.0,186.0,245.0,2.28,UNSP,UNSP,UNSP,unkn,UNSP,UNSP,UNSP,,15.8008004,3.054096,108.15701687272725,-92.35621647272725,-101.50323115681823,16.064228171244324,-106.50476848681822
70,1989-04-20 13:30:00,499,USGS,12061500.0,408.0,4/20/1989 13:30,PDT,Yes,ROO,USGS,10.67,1040.0,Good,0.0,0.8,Clear,NONE,1.0,Imported Channel 1,WADE,unspe,unkno,1040.0,190.0,346.0,3.0,UNSP,UNSP,UNSP,unkn,UNSP,UNSP,UNSP,,29.44952046,3.252216,136.64519330909098,-107.19567284909098,-103.0668365195455,16.060626953344673,-103.0668365195455
71,1990-01-22 13:45:00,503,USGS,12061500.0,412.0,1/22/1990 13:45,PST,Yes,ROO/DTS,USGS,10.92,1140.0,Fair,0.01,1.0,Clear,NONE,1.0,Imported Channel 1,WADE,unspe,unkno,1140.0,169.0,415.0,2.75,UNSP,UNSP,UNSP,unkn,UNSP,UNSP,UNSP,,32.28120511,3.328416,148.30131098181818,-116.02010587181817,-110.6336048163637,15.244105987460323,-103.0668365195455
72,1990-04-16 13:15:00,504,USGS,12061500.0,413.0,4/16/1990 13:15,PDT,Yes,ROO,USGS,10.67,906.0,Fair,0.0,1.0,Clear,NONE,1.0,Imported Channel 1,WADE,unspe,unkno,906.0,178.0,374.0,2.42,UNSP,UNSP,UNSP,unkn,UNSP,UNSP,UNSP,,25.65506301,3.252216,136.64519330909098,-110.99013029909099,-112.5308335413637,13.29946863639598,-107.19567284909098
73,1990-06-28 12:00:00,505,USGS,12061500.0,414.0,6/28/1990 12:00,PDT,Yes,BSP/WB,USGS,10.09,418.0,Good,0.01,0.8,Clear,NONE,1.0,Imported Channel 1,WADE,unspe,unkno,418.0,158.0,292.0,1.43,UNSP,UNSP,UNSP,unkn,UNSP,UNSP,UNSP,,11.83644188,3.075432,111.10254865454546,-99.26610677454546,-109.09290157409099,11.3505625956075,-103.23088981181823
74,1990-10-26 12:35:00,508,USGS,12061500.0,417.0,10/26/1990 12:35,PDT,Yes,BSP,USGS,11.71,2030.0,Good,0.0,1.4,Clear,NONE,1.0,Imported Channel 1,CRAN,unspe,unkno,2030.0,192.0,615.0,3.3,UNSP,UNSP,UNSP,unkn,UNSP,UNSP,UNSP,,57.48319858,3.569208,187.5439819636364,-130.06078338363642,-109.09290157409099,11.809752144317159,-107.19567284909098
75,1991-01-18 09:05:00,510,USGS,12061500.0,419.0,1/18/1991 9:05,PST,Yes,BP,USGS,11.75,1740.0,Good,-0.01,1.0,Clear,NONE,1.0,Imported Channel 1,CRAN,unspe,unkno,1740.0,194.0,629.0,2.77,UNSP,UNSP,UNSP,unkn,UNSP,UNSP,UNSP,,49.27131307,3.5814,189.61684363636365,-140.34553056636366,-109.09290157409099,23.633529034231973,-109.09290157409099
76,1991-03-28 10:45:00,511,USGS,12061500.0,420.0,3/28/1991 10:45,PST,Yes,BP,USGS,10.36,588.0,Good,0.01,0.6,Clear,NONE,1.0,Imported Channel 1,WADE,unspe,unkno,588.0,168.0,334.0,1.76,UNSP,UNSP,UNSP,unkn,UNSP,UNSP,UNSP,,16.6503058,3.157728,122.72721323636365,-106.07690743636365,-109.09290157409099,22.701116271496183,-109.09290157409099
77,1991-05-21 11:35:00,512,USGS,12061500.0,421.0,5/21/1991 11:35,PDT,Yes,BP,USGS,10.18,511.0,Good,0.0,0.9,Clear,NONE,1.0,Imported Channel 1,CRAN,unspe,unkno,511.0,190.0,301.0,1.7,UNSP,UNSP,UNSP,unkn,UNSP,UNSP,UNSP,,14.46990861,3.102864,114.91911519999995,-100.44920658999995,-109.09290157409099,22.57406498591138,-107.19567284909098
78,1991-12-17 13:15:00,515,USGS,12061500.0,424.0,12/17/1991 13:15,PST,Yes,BP,USGS,11.04,1060.0,Good,0.0,0.7,Clear,NONE,1.0,Imported Channel 1,CRAN,unspe,unkno,1060.0,192.0,429.0,2.47,UNSP,UNSP,UNSP,unkn,UNSP,UNSP,UNSP,,30.01585739,3.364992,154.0164772363636,-124.0006198463636,-113.50511808545458,20.90801707608778,-109.09290157409099
79,1992-02-14 14:45:00,516,USGS,12061500.0,425.0,2/14/1992 14:45,PST,Yes,BP,USGS,11.55,1170.0,Good,0.0,0.9,Clear,NONE,1.0,Imported Channel 1,CRAN,unspe,unkno,1170.0,192.0,541.0,2.16,UNSP,UNSP,UNSP,unkn,UNSP,UNSP,UNSP,,33.13071051,3.52044,179.30150981818178,-146.17079930818178,-120.01036285909089,21.854297439654662,-113.50511808545458
80,1992-04-17 11:40:00,517,USGS,12061500.0,426.0,4/17/1992 11:40,PDT,Yes,BP,USGS,14.3,4510.0,Fair,-0.05,1.1,Clear,NONE,1.0,Imported Channel 1,CRAN,unspe,unkno,4510.0,294.0,1250.0,3.61,UNSP,UNSP,UNSP,unkn,UNSP,UNSP,UNSP,,127.7089781,4.35864,340.2996138181818,-212.5906357181818,-127.03070161500001,35.210891411324724,-116.02010587181817
81,1992-06-05 12:35:00,518,USGS,12061500.0,427.0,6/5/1992 12:35,PDT,Yes,BP,USGS,10.11,292.0,Good,0.0,0.4,Clear,NONE,1.0,Imported Channel 1,WADE,unspe,unkno,292.0,162.0,239.0,1.22,UNSP,UNSP,UNSP,unkn,UNSP,UNSP,UNSP,,8.268519205,3.081528,111.94412916363635,-103.67560995863634,-127.03070161500001,35.80413293024367,-116.02010587181817
82,1993-01-22 14:25:00,521,USGS,12061500.0,430.0,1/22/1993 14:25,PST,Yes,BP,USGS,11.23,1070.0,Good,-0.01,0.8,Clear,NONE,1.0,Imported Channel 1,CRAN,unspe,unkno,1070.0,194.0,473.0,2.26,UNSP,UNSP,UNSP,unkn,UNSP,UNSP,UNSP,,30.29902585,3.422904,163.25017352727275,-132.95114767727276,-131.5059655304546,33.81927776828668,-124.0006198463636
83,1993-02-12 11:50:00,522,USGS,12061500.0,431.0,2/12/1993 11:50,PST,Yes,BP,USGS,10.89,809.0,Good,0.0,0.7,Clear,NONE,1.0,Imported Channel 1,CRAN,unspe,unkno,809.0,194.0,393.0,2.06,UNSP,UNSP,UNSP,unkn,UNSP,UNSP,UNSP,,22.90832889,3.319272,146.8725194181818,-123.9641905281818,-128.47588376181818,33.99780932569893,-123.9824051872727
84,1993-04-09 09:45:00,523,USGS,12061500.0,432.0,4/9/1993 9:45,PDT,Yes,BSP/KA,USGS,12.31,2230.0,Good,0.06,1.2,Clear,NONE,1.0,Imported Channel 1,CRAN,unspe,unkno,2230.0,243.0,652.0,3.42,UNSP,UNSP,UNSP,unkn,UNSP,UNSP,UNSP,,63.1465679,3.752088,219.70889294545458,-156.56232504545457,-128.47588376181818,33.159652495748844,-124.0006198463636
85,1993-07-01 10:15:00,524,USGS,12061500.0,433.0,7/1/1993 10:15,PDT,Yes,BSP/MY,USGS,10.19,368.0,Good,0.0,0.4,Clear,NONE,1.0,Imported Channel 1,WADE,unspe,unkno,368.0,164.0,203.0,1.81,UNSP,UNSP,UNSP,unkn,UNSP,UNSP,UNSP,,10.42059955,3.105912,115.35132159999998,-104.93072204999997,-123.9824051872727,34.356741448170965,-127.03070161500001
86,1993-12-15 09:57:00,526,USGS,12061500.0,435.0,12/15/1993 9:57,PST,Yes,JEJ,USGS,12.95,2730.0,Good,-0.04,1.3,Clear,NONE,1.0,Imported Channel 1,CRAN,unspe,unkno,2730.0,243.0,753.0,3.6,UNSP,UNSP,UNSP,unkn,UNSP,UNSP,UNSP,,77.3049912,3.94716,256.2339418181818,-178.92895061818177,-128.47588376181818,36.13056554400795,-128.47588376181818
87,1994-02-18 14:12:00,527,USGS,12061500.0,436.0,2/18/1994 14:12,PST,Yes,JEJ,USGS,12.92,2820.0,Good,-0.01,1.0,Clear,NONE,1.0,Imported Channel 1,CRAN,unspe,unkno,2820.0,247.0,769.0,3.67,UNSP,UNSP,UNSP,unkn,UNSP,UNSP,UNSP,,79.85350739,3.938016,254.4708123636364,-174.6173049736364,-139.56097349272727,35.0662450381371,-128.47588376181818
88,1994-03-03 09:53:00,528,USGS,12061500.0,437.0,3/3/1994 9:53,PST,Yes,JEJ,USGS,15.04,5630.0,Poor,-0.09,1.0,Clear,NONE,1.0,Imported Channel 1,CRAN,unspe,unkno,5630.0,301.0,1410.0,3.99,UNSP,UNSP,UNSP,unkn,UNSP,UNSP,UNSP,,159.4238463,4.584192,390.306510690909,-230.882664390909,-151.36656217681818,43.05017414117274,-132.95114767727276
89,1994-05-09 10:09:00,529,USGS,12061500.0,438.0,5/9/1994 10:09,PDT,Yes,JEJ,USGS,10.8,609.0,Good,-0.01,0.7,Clear,NONE,1.0,Imported Channel 1,WADE,unspe,unkno,609.0,196.0,313.0,1.95,UNSP,UNSP,UNSP,unkn,UNSP,UNSP,UNSP,,17.24495957,3.29184,142.6682574545455,-125.42329788454552,-144.75673636136366,44.092099323390954,-132.95114767727276
90,1994-06-23 14:16:00,530,USGS,12061500.0,439.0,6/23/1994 14:16,PDT,Yes,JEJ,USGS,10.56,446.0,Good,0.0,0.7,Clear,NONE,1.0,Imported Channel 1,WADE,unspe,unkno,446.0,167.0,281.0,1.59,UNSP,UNSP,UNSP,unkn,UNSP,UNSP,UNSP,,12.62931358,3.218688,131.64525410909096,-119.01594052909095,-129.18722278090914,40.13468736654372,-132.95114767727276
91,1994-08-17 10:18:00,531,USGS,12061500.0,440.0,8/17/1994 10:18,PDT,Yes,MRC,USGS,10.2,185.0,Good,0.0,1.3,DebrisLight,NONE,1.0,Imported Channel 1,WADE,unspe,unkno,185.0,179.0,163.0,1.13,UNSP,UNSP,UNSP,unkn,UNSP,UNSP,UNSP,,5.23861662,3.10896,115.783528,-110.54491138,-129.18722278090914,39.3990400804089,-129.18722278090914
92,1994-10-11 17:35:00,532,USGS,12061500.0,441.0,10/11/1994 17:35,PDT,Yes,mrc,USGS,10.14,151.0,Good,0.0,0.8,DebrisModerate,NONE,1.0,Imported Channel 1,WADE,unspe,unkno,151.0,177.0,149.0,1.01,UNSP,UNSP,UNSP,unkn,UNSP,UNSP,UNSP,,4.275843835,3.090672,113.20649992727272,-108.93065609227271,-124.69374420636366,40.96917350416954,-125.42329788454552
93,1994-12-01 10:55:00,533,USGS,12061500.0,442.0,12/1/1994 10:55,PST,Yes,BSP/MC,USGS,15.02,4950.0,Good,-0.16,1.6,Clear,NONE,1.0,Imported Channel 1,CRAN,unspe,unkno,4950.0,286.0,1370.0,3.61,UNSP,UNSP,UNSP,unkn,UNSP,UNSP,UNSP,,140.1683906,4.578096,388.91669600000006,-248.74830540000005,-140.99281146500005,51.934395737757534,-129.18722278090914
94,1994-12-21 09:20:00,534,USGS,12061500.0,443.0,12/21/1994 9:20,PST,Yes,REQ/BP,USGS,15.8,7270.0,Fair,-0.09,1.9,DebrisLight,NONE,1.0,Imported Channel 1,CRAN,unspe,unkno,7270.0,585.0,2680.0,2.71,UNSP,UNSP,UNSP,unkn,UNSP,UNSP,UNSP,,205.8634747,4.81584,444.44934399999994,-238.58586929999993,-150.02030142909098,58.161812539261916,-139.56097349272727
95,1995-01-10 09:42:00,535,USGS,12061500.0,444.0,1/10/1995 9:42,PST,Yes,BP,USGS,13.94,3590.0,Good,-0.04,1.3,Clear,NONE,1.0,Imported Channel 1,CRAN,unspe,unkno,3590.0,241.0,991.0,3.62,UNSP,UNSP,UNSP,unkn,UNSP,UNSP,UNSP,,101.6574793,4.248912,316.9604388363636,-215.3029595363636,-176.7731277959091,56.13114001208859,-146.17079930818178
96,1995-02-16 13:55:00,536,USGS,12061500.0,445.0,2/16/1995 13:55,PST,Yes,BP,USGS,11.51,878.0,Good,0.03,0.8,Clear,NONE,1.0,Imported Channel 1,WADE,unspe,unkno,878.0,184.0,392.0,2.24,UNSP,UNSP,UNSP,unkn,UNSP,UNSP,UNSP,,24.86219131,3.508248,177.26965760000002,-152.40746629,-163.5123856318182,56.55498180047762,-152.40746629
97,1995-05-12 13:40:00,537,USGS,12061500.0,446.0,5/12/1995 13:40,PDT,Yes,BP,USGS,11.08,635.0,Good,0.0,0.7,Clear,NONE,1.0,Imported Channel 1,WADE,unspe,unkno,635.0,171.0,332.0,1.91,UNSP,UNSP,UNSP,unkn,UNSP,UNSP,UNSP,,17.98119759,3.377184,155.94661134545458,-137.9654137554546,-145.1864400227273,57.57704912334738,-137.9654137554546
98,1995-07-13 09:30:00,538,USGS,12061500.0,447.0,7/13/1995 9:30,PDT,Yes,BP,USGS,10.53,265.0,Good,0.0,0.4,Clear,NONE,1.0,Imported Channel 1,WADE,unspe,unkno,265.0,162.0,239.0,1.11,UNSP,UNSP,UNSP,unkn,UNSP,UNSP,UNSP,,7.503964347,3.209544,130.28163432727277,-122.77766998027278,-131.69435582000006,54.69817745952862,-137.9654137554546
99,1995-09-27 10:15:00,539,USGS,12061500.0,448.0,9/27/1995 10:15,PDT,Yes,BP,USGS,10.57,292.0,Good,0.01,0.5,Clear,NONE,1.0,Imported Channel 1,WADE,unspe,unkno,292.0,163.0,252.0,1.16,UNSP,UNSP,UNSP,unkn,UNSP,UNSP,UNSP,,8.268519205,3.221736,132.09979403636365,-123.83127483136364,-130.8983442934091,54.80564410637197,-135.45828071636367
100,1996-03-07 12:10:00,540,USGS,12061500.0,449.0,3/7/1996 12:10,PST,Yes,SAT/BP,USGS,11.58,940.0,Good,,,Clear,NONE,1.0,Imported Channel 1,CRAN,unspe,unkno,940.0,172.0,446.0,2.11,UNSP,UNSP,UNSP,unkn,UNSP,UNSP,UNSP,,26.6178358,3.529584,180.82539898181815,-154.20756318181816,-145.1864400227273,53.14237421276076,-152.40746629
101,1996-05-14 08:55:00,541,USGS,12061500.0,450.0,5/14/1996 8:55,PDT,Yes,BP,USGS,11.23,694.0,Good,0.0,0.6,Clear,NONE,1.0,Imported Channel 1,WADE,unspe,unkno,694.0,179.0,353.0,1.97,UNSP,UNSP,UNSP,unkn,UNSP,UNSP,UNSP,,19.65189153,3.422904,163.25017352727275,-143.59828199727275,-148.00287414363638,50.59976908637757,-143.59828199727275
102,1996-07-11 13:05:00,542,USGS,12061500.0,451.0,7/11/1996 13:05,PDT,Yes,BP,USGS,10.48,272.0,Good,0.0,0.4,Clear,NONE,1.0,Imported Channel 1,WADE,unspe,unkno,272.0,176.0,222.0,1.23,UNSP,UNSP,UNSP,unkn,UNSP,UNSP,UNSP,,7.702182273,3.194304,128.0480237090909,-120.3458414360909,-148.00287414363638,49.315922838372344,-143.59828199727275
103,1996-08-22 12:55:00,543,USGS,12061500.0,452.0,8/22/1996 12:55,PDT,Yes,BP,USGS,10.33,206.0,Good,0.0,0.4,Clear,NONE,1.0,Imported Channel 1,WADE,unspe,unkno,206.0,175.0,196.0,1.05,UNSP,UNSP,UNSP,unkn,UNSP,UNSP,UNSP,,5.833270398,3.148584,121.40221120000001,-115.56894080200001,-140.78184787636366,41.83498905195256,-140.78184787636366
104,1996-11-01 13:25:00,544,USGS,12061500.0,453.0,11/1/1996 13:25,PST,Yes,BP,USGS,11.14,633.0,Good,0.0,0.6,Clear,NONE,1.0,Imported Channel 1,WADE,unspe,unkno,633.0,179.0,322.0,1.96,UNSP,UNSP,UNSP,unkn,UNSP,UNSP,UNSP,,17.92456389,3.395472,158.8680362181818,-140.9434723281818,-139.4544430418182,28.8923053817227,-140.9434723281818
105,1996-12-20 10:15:00,545,USGS,12061500.0,454.0,12/20/1996 10:15,PST,Yes,BP,USGS,11.7,1060.0,Good,0.01,0.7,Clear,NONE,1.0,Imported Channel 1,WADE,unspe,unkno,1060.0,181.0,428.0,2.48,UNSP,UNSP,UNSP,unkn,UNSP,UNSP,UNSP,,30.01585739,3.56616,187.02576654545456,-157.00990915545455,-139.4544430418182,15.297304217372792,-140.9434723281818
106,1997-04-04 13:10:00,546,USGS,12061500.0,455.0,4/4/1997 13:10,PST,Yes,BP,USGS,11.95,942.0,Good,0.0,0.7,Clear,NONE,1.0,Imported Channel 1,WADE,unspe,unkno,942.0,184.0,481.0,1.96,UNSP,UNSP,UNSP,unkn,UNSP,UNSP,UNSP,,26.67446949,3.64236,200.157272,-173.48280251,-139.4544430418182,18.740690369694274,-139.4544430418182
107,1997-05-16 12:35:00,547,USGS,12061500.0,456.0,5/16/1997 12:35,PDT,Yes,BP,USGS,11.9,945.0,Good,0.0,0.7,Clear,NONE,1.0,Imported Channel 1,WADE,unspe,unkno,945.0,186.0,464.0,2.04,UNSP,UNSP,UNSP,unkn,UNSP,UNSP,UNSP,,26.75942003,3.62712,197.51493309090912,-170.75551306090912,-142.2708771627273,21.24593412667968,-142.2708771627273
108,1997-08-29 13:10:00,548,USGS,12061500.0,457.0,8/29/1997 13:10,PDT,Yes,JCT,USGS,11.18,529.0,Good,0.0,0.6,Clear,NONE,1.0,Imported Channel 1,WADE,unspe,unkno,529.0,179.0,326.0,1.62,UNSP,UNSP,UNSP,unkn,UNSP,UNSP,UNSP,,14.97961185,3.407664,160.81565280000004,-145.83604095000004,-144.7171614736364,20.11889264500701,-145.83604095000004
109,1997-10-30 09:25:00,549,USGS,12061500.0,458.0,10/30/1997 9:25,PST,Yes,PHL/REQ,USGS,16.74,15300.0,Fair,0.02,1.0,DebrisLight,NONE,1.0,Imported Channel 1,CRAN,unspe,unkno,15300.0,369.0,1730.0,4.84,UNSP,UNSP,UNSP,unkn,UNSP,UNSP,UNSP,,433.2477529,5.102352,515.1868999272726,-81.93914702727261,-144.7171614736364,27.806782009365957,-145.83604095000004
110,1997-12-05 12:30:00,550,USGS,12061500.0,459.0,12/5/1997 12:30,PST,Yes,PHL/FBS,USGS,12.17,1320.0,Good,-0.01,0.6,Clear,NONE,1.0,Imported Channel 1,CRAN,unspe,unkno,1320.0,175.0,476.0,2.76,UNSP,UNSP,UNSP,unkn,UNSP,UNSP,UNSP,,37.3782375,3.709416,212.02870879999998,-174.6504713,-144.7171614736364,29.628976988237568,-145.83604095000004
111,1998-01-15 09:36:00,551,USGS,12061500.0,460.0,1/15/1998 9:36,PST,Yes,REQ/PHL,USGS,15.46,5110.0,Fair,-0.09,1.2,Clear,NONE,1.0,Imported Channel 1,CRAN,unspe,unkno,5110.0,305.0,1230.0,4.14,UNSP,UNSP,UNSP,unkn,UNSP,UNSP,UNSP,,144.6990861,4.712208,419.8919968,-275.1929107,-151.42297505272728,51.422282879868845,-144.7171614736364
112,1998-02-20 10:00:00,552,USGS,12061500.0,461.0,2/20/1998 10:00,PST,Yes,PHL,USGS,13.76,2920.0,Good,-0.04,1.7,Clear,NONE,1.0,Imported Channel 1,CRAN,unspe,unkno,2920.0,177.0,737.0,3.96,UNSP,UNSP,UNSP,unkn,UNSP,UNSP,UNSP,,82.68519205,4.194048,305.5386322909091,-222.8534402409091,-163.88271110818184,53.78277940416831,-144.7171614736364
113,1998-05-11 10:55:00,553,USGS,12061500.0,462.0,5/11/1998 10:55,PDT,Yes,PHL,USGS,11.28,471.0,Good,0.0,0.7,Clear,NONE,1.0,Imported Channel 1,WADE,unspe,unkno,471.0,166.0,273.0,1.73,UNSP,UNSP,UNSP,unkn,UNSP,UNSP,UNSP,,13.33723474,3.438144,165.7303397818182,-152.39310504181822,-163.88271110818184,51.156140553347655,-145.83604095000004
114,1998-07-02 09:55:00,554,USGS,12061500.0,463.0,7/2/1998 9:55,PDT,Yes,PHL,USGS,10.83,276.0,Good,0.0,1.3,Clear,NONE,1.0,Imported Channel 1,WADE,unspe,unkno,276.0,162.0,207.0,1.33,UNSP,UNSP,UNSP,unkn,UNSP,UNSP,UNSP,,7.815449659,3.300984,144.06462938181824,-136.24917972281824,-163.88271110818184,51.4679489517268,-145.83604095000004
115,1998-10-02 13:05:00,555,USGS,12061500.0,464.0,10/2/1998 13:05,PDT,Yes,JEJ,USGS,10.61,166.0,Good,0.0,0.5,Clear,NONE,1.0,Imported Channel 1,WADE,unspe,unkno,166.0,159.0,163.0,1.02,UNSP,UNSP,UNSP,unkn,UNSP,UNSP,UNSP,,4.700596534,3.233928,133.91795374545458,-129.21735721145458,-161.57430905136368,52.91945324702038,-149.11457299590913
116,1998-11-17 10:22:00,556,USGS,12061500.0,465.0,11/17/1998 10:22,PST,Yes,JEJ,USGS,14.77,3840.0,Good,-0.08,1.0,DebrisModerate,NONE,1.0,Imported Channel 1,CRAN,unspe,unkno,3840.0,190.0,955.0,4.02,UNSP,UNSP,UNSP,unkn,UNSP,UNSP,UNSP,,108.7366909,4.501896,371.76270763636364,-263.02601673636366,-161.57430905136368,61.204982569290436,-152.39310504181822
117,1998-12-02 11:29:00,557,USGS,12061500.0,466.0,12/2/1998 11:29,PST,Yes,JEJ,USGS,15.44,4970.0,Good,-0.07,1.0,Clear,NONE,1.0,Imported Channel 1,CRAN,unspe,unkno,4970.0,296.0,1250.0,3.98,UNSP,UNSP,UNSP,unkn,UNSP,UNSP,UNSP,,140.7347276,4.706112,418.46187519999995,-277.72714759999997,-163.5217881709091,69.16951563649111,-153.3003341118182
118,1999-01-05 09:37:00,558,USGS,12061500.0,467.0,1/5/1999 9:37,PST,Yes,JEJ,USGS,12.64,1410.0,Good,-0.01,0.8,Clear,NONE,1.0,Imported Channel 1,CRAN,unspe,unkno,1410.0,172.0,546.0,2.58,UNSP,UNSP,UNSP,unkn,UNSP,UNSP,UNSP,,39.92675369,3.852672,238.26738836363634,-198.34063467363634,-186.49555298681815,67.76829947950843,-154.20756318181816
119,1999-01-29 11:00:00,559,USGS,12061500.0,468.0,1/29/1999 11:00,PST,Yes,JEJ/KEF,USGS,16.73,13100.0,Poor,0.0,1.7,DebrisLight,NONE,1.0,Imported Channel 1,CRAN,unspe,unkno,13100.0,287.0,1600.0,5.4,UNSP,UNSP,UNSP,unkn,UNSP,UNSP,UNSP,,370.9506904,5.099304,514.4125416727272,-143.46185127272724,-186.49555298681815,58.973088387095416,-153.3003341118182
120,1999-02-24 15:15:00,560,USGS,12061500.0,469.0,2/24/1999 15:15,PST,Yes,JEJ/JCT,USGS,16.83,19800.0,Fair,0.0,2.0,DebrisLight,NONE,1.0,Imported Channel 1,CRAN,unspe,unkno,19800.0,376.0,1780.0,5.15,UNSP,UNSP,UNSP,unkn,UNSP,UNSP,UNSP,,560.6735625,5.129784,522.1561242181818,38.51743828181816,-175.3668698577273,95.36946489418949,-152.39310504181822
121,1999-05-19 11:08:00,561,USGS,12061500.0,470.0,5/19/1999 11:08,PDT,Yes,EDT/JEJ,USGS,12.64,1630.0,Good,-0.01,1.0,Clear,NONE,1.0,Imported Channel 1,CRAN,unspe,unkno,1630.0,174.0,553.0,2.95,UNSP,UNSP,UNSP,unkn,UNSP,UNSP,UNSP,,46.15645994,3.852672,238.26738836363634,-192.11092842363635,-172.25201673272727,89.18591897969121,-154.7015070986364
122,1999-08-18 13:08:00,562,USGS,12061500.0,471.0,8/18/1999 13:08,PDT,Yes,JEJ/KEF,USGS,11.01,365.0,Good,0.0,0.5,Clear,NONE,1.0,Imported Channel 1,WADE,unspe,unkno,365.0,168.0,227.0,1.61,UNSP,UNSP,UNSP,unkn,UNSP,UNSP,UNSP,,10.33564901,3.355848,152.58768567272728,-142.25203666272728,-147.92747815727273,87.2677683469448,-154.7015070986364
123,1999-10-13 09:11:00,563,USGS,12061500.0,472.0,10/13/1999 9:11,PDT,Yes,JEJ,USGS,10.88,296.0,Good,0.0,0.7,Clear,NONE,1.0,Imported Channel 1,WADE,unspe,unkno,296.0,164.0,209.0,1.42,UNSP,UNSP,UNSP,unkn,UNSP,UNSP,UNSP,,8.381786591,3.316224,146.3962555636364,-138.0144689726364,-142.85694396772726,87.51827864449334,-154.7015070986364
124,1999-11-09 12:02:00,564,USGS,12061500.0,473.0,11/9/1999 12:02,PST,Yes,JEJ,USGS,14.72,4020.0,Fair,0.07,0.3,Clear,NONE,1.0,Imported Channel 1,CRAN,unspe,unkno,4020.0,190.0,898.0,4.48,UNSP,UNSP,UNSP,unkn,UNSP,UNSP,UNSP,,113.8337233,4.486656,368.36280218181815,-254.52907888181815,-167.78638984818178,92.09672959668377,-163.88271110818184
125,1999-12-21 11:35:00,565,USGS,12061500.0,474.0,12/21/1999 11:35,PST,Yes,JEJ,USGS,13.3,2140.0,Good,0.0,0.9,DebrisModerate,NONE,1.0,Imported Channel 1,CRAN,unspe,unkno,2140.0,176.0,656.0,3.26,UNSP,UNSP,UNSP,unkn,UNSP,UNSP,UNSP,,60.59805171,4.05384,277.1258938181818,-216.5278421081818,-195.22578154863635,91.9376251043792,-172.11915778545455
126,2000-02-14 10:35:00,566,USGS,12061500.0,475.0,2/14/2000 10:35,PST,Yes,JEJ,USGS,12.29,1150.0,Good,0.0,1.0,Clear,NONE,1.0,Imported Channel 1,CRAN,unspe,unkno,1150.0,172.0,478.0,2.42,UNSP,UNSP,UNSP,unkn,UNSP,UNSP,UNSP,,32.56437358,3.745992,218.61172378181823,-186.04735020181823,-189.0791393127273,87.19744686055472,-173.48280251
127,2000-04-21 09:00:00,567,USGS,12061500.0,476.0,4/21/2000 9:00,PDT,Yes,DGC/JEJ,USGS,11.72,653.0,Good,0.0,0.8,Clear,NONE,1.0,Imported Channel 1,WADE,unspe,unkno,653.0,172.0,338.0,1.93,UNSP,UNSP,UNSP,unkn,UNSP,UNSP,UNSP,,18.49090082,3.572256,188.06219738181818,-169.57129656181817,-177.80932338181822,78.79849451777446,-170.75551306090912
128,2000-06-21 12:27:00,568,USGS,12061500.0,477.0,6/21/2000 12:27,PDT,Yes,JEJ,USGS,11.84,728.0,Good,0.0,1.0,Clear,NONE,1.0,Imported Channel 1,WADE,unspe,unkno,728.0,174.0,342.0,2.13,UNSP,UNSP,UNSP,unkn,UNSP,UNSP,UNSP,,20.61466432,3.608832,194.34412640000002,-173.72946208000002,-171.6503793209091,77.85474791233436,-173.72946208000002
129,2000-08-21 13:05:00,569,USGS,12061500.0,478.0,8/21/2000 13:05,PDT,Yes,JEJ,USGS,11.0,258.0,Good,0.0,0.5,Clear,NONE,1.0,Imported Channel 1,WADE,unspe,unkno,258.0,168.0,203.0,1.27,UNSP,UNSP,UNSP,unkn,UNSP,UNSP,UNSP,,7.305746421,3.3528,152.11142181818178,-144.80567539718177,-171.6503793209091,77.82845718841108,-171.6503793209091
130,2000-10-02 14:03:00,570,USGS,12061500.0,479.0,10/2/2000 14:03,PDT,Yes,JEJ,USGS,10.98,254.0,Good,0.0,0.5,Clear,NONE,1.0,Imported Channel 1,WADE,unspe,unkno,254.0,168.0,197.0,1.29,UNSP,UNSP,UNSP,unkn,UNSP,UNSP,UNSP,,7.192479034,3.346704,151.1588941090909,-143.9664150750909,-171.6503793209091,37.708144464424365,-171.6503793209091
131,2000-12-06 09:25:00,571,USGS,12061500.0,480.0,12/6/2000 9:25,PST,Yes,JEJ,USGS,11.91,875.0,Good,0.0,0.6,Clear,NONE,1.0,Imported Channel 1,WADE,unspe,unkno,875.0,176.0,359.0,2.44,UNSP,UNSP,UNSP,unkn,UNSP,UNSP,UNSP,,24.77724077,3.630168,198.04340087272726,-173.26616010272727,-171.41872833227274,37.29074328171415,-173.26616010272727
132,2001-02-22 12:19:00,572,USGS,12061500.0,481.0,2/22/2001 12:19,PST,Yes,JEJ,USGS,11.71,738.0,Good,0.0,0.5,Clear,NONE,1.0,Imported Channel 1,WADE,unspe,unkno,738.0,175.0,339.0,2.18,UNSP,UNSP,UNSP,unkn,UNSP,UNSP,UNSP,,20.89783278,3.569208,187.5439819636364,-166.6461491836364,-171.41872833227274,35.728628295011156,-168.1087228727273
133,2001-03-05 10:13:00,573,USGS,12061500.0,482.0,3/5/2001 10:13,PST,Yes,JEJ,USGS,11.42,564.0,Good,0.0,0.5,Clear,NONE,1.0,Imported Channel 1,WADE,unspe,unkno,564.0,172.0,283.0,2.0,UNSP,UNSP,UNSP,unkn,UNSP,UNSP,UNSP,,15.97070148,3.480816,172.6979901090909,-156.7272886290909,-171.41872833227274,33.921063594195566,-166.6461491836364
134,2001-05-08 11:43:00,574,USGS,12061500.0,483.0,5/8/2001 11:43,PDT,Yes,JEJ,USGS,11.58,687.0,Good,0.0,0.5,Clear,NONE,1.0,Imported Channel 1,WADE,unspe,unkno,687.0,175.0,322.0,2.13,UNSP,UNSP,UNSP,unkn,UNSP,UNSP,UNSP,,19.45367361,3.529584,180.82539898181815,-161.37172537181814,-168.1087228727273,21.12421297597254,-164.00893727772728
135,2001-07-09 11:40:00,575,USGS,12061500.0,484.0,7/9/2001 11:40,PDT,Yes,JEJ,USGS,10.91,272.0,Good,0.0,0.6,Clear,NONE,1.0,Imported Channel 1,WADE,unspe,unkno,272.0,167.0,202.0,1.35,UNSP,UNSP,UNSP,unkn,UNSP,UNSP,UNSP,,7.702182273,3.325368,147.82504712727277,-140.12286485427276,-164.00893727772728,15.084761290019426,-166.6461491836364
136,2001-09-28 12:16:00,576,USGS,12061500.0,485.0,9/28/2001 12:16,PDT,Yes,JEJ,USGS,10.83,263.0,Good,0.0,0.5,Clear,NONE,1.0,Imported Channel 1,WADE,unspe,unkno,263.0,166.0,187.0,1.41,UNSP,UNSP,UNSP,unkn,UNSP,UNSP,UNSP,,7.447330654,3.300984,144.06462938181824,-136.61729872781822,-159.04950700045453,14.269604517246396,-164.00893727772728
137,2001-12-06 13:39:00,577,USGS,12061500.0,486.0,12/6/2001 13:39,PST,Yes,JEJ,USGS,12.96,1810.0,Good,0.02,1.0,Clear,NONE,1.0,Imported Channel 1,CRAN,unspe,unkno,1810.0,172.0,586.0,3.09,UNSP,UNSP,UNSP,unkn,UNSP,UNSP,UNSP,,51.25349233,3.950208,256.82165163636364,-205.56815930636364,-159.04950700045453,20.88781807250614,-164.00893727772728
138,2002-01-23 14:20:00,578,USGS,12061500.0,487.0,1/23/2002 14:20,PST,Yes,JEJ/RC,USGS,12.38,1050.0,Good,0.01,1.0,Clear,NONE,1.0,Imported Channel 1,CRAN,unspe,unkno,1050.0,172.0,473.0,2.21,UNSP,UNSP,UNSP,unkn,UNSP,UNSP,UNSP,,29.73268892,3.773424,223.60894676363637,-193.87625784363638,-159.04950700045453,23.175308340470448,-164.00893727772728
139,2002-04-26 09:10:00,579,USGS,12061500.0,488.0,4/26/2002 9:10,PDT,Yes,JEJ,USGS,12.24,953.0,Good,-0.01,0.8,Clear,NONE,1.0,Imported Channel 1,CRAN,unspe,unkno,953.0,171.0,442.0,2.16,UNSP,UNSP,UNSP,unkn,UNSP,UNSP,UNSP,,26.9859548,3.730752,215.86880087272723,-188.88284607272723,-164.00893727772728,23.665382610882848,-169.57129656181817
140,2002-06-10 13:00:00,580,USGS,12061500.0,489.0,6/10/2002 13:00,PDT,Yes,JEJ,USGS,11.59,514.0,Good,0.0,0.5,Clear,NONE,1.0,Imported Channel 1,WADE,unspe,unkno,514.0,173.0,279.0,1.84,UNSP,UNSP,UNSP,unkn,UNSP,UNSP,UNSP,,14.55485915,3.532632,181.3333620363636,-166.7785028863636,-166.712326035,22.28950447796135,-166.7785028863636
141,2002-08-13 12:18:00,581,USGS,12061500.0,490.0,8/13/2002 12:18,PDT,Yes,JEJ,USGS,11.03,244.0,Good,0.0,0.5,Clear,NONE,1.0,Imported Channel 1,WADE,unspe,unkno,244.0,167.0,188.0,1.3,UNSP,UNSP,UNSP,unkn,UNSP,UNSP,UNSP,,6.909310568,3.361944,153.54021338181815,-146.63090281381815,-164.00893727772728,23.290127526835665,-166.712326035
142,2002-10-01 13:37:00,582,USGS,12061500.0,491.0,10/1/2002 13:37,PDT,Yes,JEJ,USGS,10.93,182.0,Good,0.0,0.5,Clear,NONE,1.0,Imported Channel 1,WADE,unspe,unkno,182.0,166.0,167.0,1.09,UNSP,UNSP,UNSP,unkn,UNSP,UNSP,UNSP,,5.15366608,3.331464,148.77757483636364,-143.62390875636365,-159.04950700045453,24.367499915022034,-166.712326035
143,2002-11-25 09:52:00,583,USGS,12061500.0,492.0,11/25/2002 9:52,PST,Yes,JEJ,USGS,12.09,851.0,Good,0.0,1.0,Clear,NONE,1.0,Imported Channel 1,CRAN,unspe,unkno,851.0,166.0,392.0,2.17,UNSP,UNSP,UNSP,unkn,UNSP,UNSP,UNSP,,24.09763645,3.685032,207.68901832727272,-183.5913818772727,-164.07511412909088,24.948088732741688,-166.7785028863636
144,2003-02-13 08:47:00,584,USGS,12061500.0,493.0,2/13/2003 8:47,PST,Yes,JEJ,USGS,11.93,720.0,Good,0.0,0.6,Clear,NONE,1.0,Imported Channel 1,WADE,unspe,unkno,720.0,180.0,365.0,1.97,UNSP,UNSP,UNSP,unkn,UNSP,UNSP,UNSP,,20.38812955,3.636264,199.10033643636368,-178.71220688636367,-172.74535488636366,25.13801044858733,-166.7785028863636
145,2003-05-13 12:50:00,585,USGS,12061500.0,494.0,5/13/2003 12:50,PDT,Yes,JEJ,USGS,11.68,526.0,Good,0.0,0.5,Clear,NONE,1.0,Imported Channel 1,WADE,unspe,unkno,526.0,172.0,292.0,1.8,UNSP,UNSP,UNSP,unkn,UNSP,UNSP,UNSP,,14.89466131,3.560064,185.98933570909094,-171.09467439909093,-174.9034406427273,23.08561638946404,-166.712326035
146,2003-07-16 12:27:00,586,USGS,12061500.0,495.0,7/16/2003 12:27,PDT,Yes,JEJ,USGS,11.15,234.0,Good,0.0,0.5,Clear,NONE,1.0,Imported Channel 1,WADE,unspe,unkno,234.0,170.0,197.0,1.19,UNSP,UNSP,UNSP,unkn,UNSP,UNSP,UNSP,,6.626142103,3.39852,159.3549403636364,-152.72879826063638,-174.9034406427273,20.82972301306412,-164.00893727772728
147,2003-09-25 12:35:00,587,USGS,12061500.0,496.0,9/25/2003 12:35,PDT,Yes,JEJ,USGS,10.99,168.0,Good,0.0,0.8,Clear,NONE,1.0,Imported Channel 1,WADE,unspe,unkno,168.0,170.0,180.0,0.93,UNSP,UNSP,UNSP,unkn,UNSP,UNSP,UNSP,,4.757230227,3.349752,151.63515796363637,-146.87792773663637,-168.93658864272726,18.854947934312776,-164.00893727772728
148,2003-11-04 12:08:00,588,USGS,12061500.0,497.0,11/4/2003 12:08,PST,Yes,JEJ,USGS,11.99,591.0,Good,0.0,0.8,Clear,NONE,1.0,Imported Channel 1,WADE,unspe,unkno,591.0,173.0,400.0,1.48,UNSP,UNSP,UNSP,unkn,UNSP,UNSP,UNSP,,16.73525634,3.654552,202.3029252363636,-185.56766889636359,-168.93658864272726,17.70044532977281,-166.712326035
149,2004-02-06 12:14:00,589,USGS,12061500.0,498.0,2/6/2004 12:14,PST,Yes,JEJ,USGS,13.19,1680.0,Good,0.03,1.0,Clear,NONE,1.0,Imported Channel 1,CRAN,unspe,unkno,1680.0,170.0,579.0,2.9,UNSP,UNSP,UNSP,unkn,UNSP,UNSP,UNSP,,47.57230227,4.020312,270.48150429090896,-222.90920202090896,-168.93658864272726,24.468704720773037,-166.712326035
150,2004-05-18 14:03:00,590,USGS,12061500.0,499.0,5/18/2004 14:03,PDT,Yes,JEJ,USGS,11.5,409.0,Good,0.0,0.5,Clear,NONE,1.0,Imported Channel 1,WADE,unspe,unkno,409.0,168.0,278.0,1.47,UNSP,UNSP,UNSP,unkn,UNSP,UNSP,UNSP,,11.58159026,3.5052,176.76169454545453,-165.18010428545452,-168.13738934227274,24.496214653286664,-168.93658864272726
151,2004-07-15 13:04:00,591,USGS,12061500.0,500.0,7/15/2004 13:04,PDT,Yes,JEJ,USGS,11.18,243.0,Good,0.0,0.7,Clear,NONE,1.0,Imported Channel 1,WADE,unspe,unkno,243.0,168.0,225.0,1.08,UNSP,UNSP,UNSP,unkn,UNSP,UNSP,UNSP,,6.880993722,3.407664,160.81565280000004,-153.93465907800004,-168.13738934227274,23.83212259060835,-168.93658864272726
152,2004-09-29 13:44:00,592,USGS,12061500.0,501.0,9/29/2004 13:44,PDT,Yes,JEJ,USGS,11.36,349.0,Good,0.0,0.5,Clear,NONE,1.0,Imported Channel 1,WADE,unspe,unkno,349.0,167.0,255.0,1.37,UNSP,UNSP,UNSP,unkn,UNSP,UNSP,UNSP,,9.882579461,3.462528,169.7102519272727,-159.8276724662727,-168.13738934227274,22.30987515677472,-168.93658864272726
153,2005-02-08 14:38:00,594,USGS,12061500.0,503.0,2/8/2005 14:38,PST,Yes,RES/JEJ,USGS,12.15,723.0,Good,0.0,1.0,Clear,NONE,1.0,Imported Channel 1,WADE,unspe,unkno,723.0,171.0,386.0,1.87,UNSP,UNSP,UNSP,unkn,UNSP,UNSP,UNSP,,20.47308009,3.70332,210.93153963636365,-190.45845954636366,-168.13738934227274,40.33541289813299,-166.7785028863636
154,2005-05-10 15:43:00,595,USGS,12061500.0,504.0,5/10/2005 15:43,PDT,Yes,RES,USGS,11.94,651.0,Good,0.0,0.7,Clear,NONE,1.0,Imported Channel 1,WADE,unspe,unkno,651.0,171.0,327.0,2.0,UNSP,UNSP,UNSP,unkn,UNSP,UNSP,UNSP,,18.43426713,3.639312,199.6288042181818,-181.19453708818182,-173.18732068681817,40.1411228394878,-166.7785028863636
155,2005-06-23 15:14:00,596,USGS,12061500.0,505.0,6/23/2005 15:14,PDT,Yes,RES,USGS,11.44,358.0,Good,0.0,0.6,Clear,NONE,1.0,Imported Channel 1,WADE,unspe,unkno,358.0,170.0,246.0,1.5,UNSP,UNSP,UNSP,unkn,UNSP,UNSP,UNSP,,10.13743108,3.486912,173.7139162181818,-163.5764851381818,-173.18732068681817,39.352510083420526,-165.18010428545452
156,2005-08-24 13:11:00,597,USGS,12061500.0,506.0,8/24/2005 13:11,PDT,Yes,RES,USGS,11.18,201.0,Good,0.0,0.6,Clear,NONE,1.0,Imported Channel 1,WADE,unspe,unkno,201.0,165.0,201.0,1.0,UNSP,UNSP,UNSP,unkn,UNSP,UNSP,UNSP,,5.691686165,3.407664,160.81565280000004,-155.12396663500004,-173.18732068681817,38.55010942157583,-165.18010428545452
157,2005-10-05 14:42:00,598,USGS,12061500.0,507.0,10/5/2005 14:42,PDT,Yes,RES,USGS,11.23,238.0,Good,0.0,0.6,Clear,NONE,1.0,Imported Channel 1,WADE,unspe,unkno,238.0,165.0,206.0,1.16,UNSP,UNSP,UNSP,unkn,UNSP,UNSP,UNSP,,6.739409489,3.422904,163.25017352727275,-156.51076403827275,-164.37829471181817,39.626620715652585,-165.18010428545452
158,2005-12-20 13:59:00,599,USGS,12061500.0,508.0,12/20/2005 13:59,PST,Yes,RES,USGS,13.5,2100.0,Fair,0.14,1.0,Clear,NONE,1.0,Imported Channel 1,CRAN,unspe,unkno,2100.0,175.0,594.0,3.5,UNSP,UNSP,UNSP,unkn,UNSP,UNSP,UNSP,,59.46537784,4.1148,289.35293454545456,-229.88755670545456,-164.37829471181817,40.46748564534451,-165.18010428545452
159,2006-02-14 14:43:00,600,USGS,12061500.0,509.0,2/14/2006 14:43,PST,Yes,RES,USGS,12.83,1020.0,Fair,-0.01,1.0,Clear,NONE,1.0,Imported Channel 1,CRAN,unspe,unkno,1020.0,173.0,402.0,2.54,UNSP,UNSP,UNSP,unkn,UNSP,UNSP,UNSP,,28.88318352,3.910584,249.21121280000003,-220.32802928000004,-172.3855111131818,41.466485139367265,-165.18010428545452
160,2006-03-28 15:20:00,601,USGS,12061500.0,510.0,3/28/2006 15:20,PST,Yes,RES,USGS,12.85,1170.0,Fair,0.0,0.9,Clear,NONE,1.0,Imported Channel 1,WADE,unspe,unkno,1170.0,175.0,470.0,2.5,UNSP,UNSP,UNSP,unkn,UNSP,UNSP,UNSP,,33.13071051,3.91668,250.3673469090909,-217.2366363990909,-185.82649831727275,40.364248602455945,-168.13738934227274
161,2006-05-22 13:34:00,602,USGS,12061500.0,511.0,5/22/2006 13:34,PDT,Yes,RES,USGS,12.23,708.0,Good,0.02,0.9,Clear,NONE,1.0,Imported Channel 1,WADE,unspe,unkno,708.0,173.0,359.0,2.0,UNSP,UNSP,UNSP,unkn,UNSP,UNSP,UNSP,,20.04832739,3.727704,215.32021629090912,-195.27188890090912,-192.8651742236364,38.426373527296015,-173.18732068681817
162,2006-07-24 13:11:00,603,USGS,12061500.0,512.0,7/24/2006 13:11,PDT,Yes,RES,USGS,11.4,257.0,Good,0.0,0.6,Clear,NONE,1.0,Imported Channel 1,WADE,unspe,unkno,257.0,170.0,215.0,1.2,UNSP,UNSP,UNSP,unkn,UNSP,UNSP,UNSP,,7.277429574,3.47472,171.70020800000003,-164.42277842600004,-185.82649831727275,27.850595097720234,-173.18732068681817
163,2006-09-12 13:12:00,604,USGS,12061500.0,513.0,9/12/2006 13:12,PDT,Yes,RES,USGS,11.24,180.0,Good,0.0,0.6,Clear,NONE,1.0,Imported Channel 1,WADE,unspe,unkno,180.0,168.0,190.0,0.95,UNSP,UNSP,UNSP,unkn,UNSP,UNSP,UNSP,,5.097032387,3.425952,163.74038370909096,-158.64335132209095,-172.80865775709094,29.24483245178791,-165.18010428545452
164,2006-10-02 13:53:00,605,USGS,12061500.0,514.0,10/2/2006 13:53,PDT,Yes,RES,USGS,11.23,172.0,Good,0.0,0.6,Clear,NONE,1.0,Imported Channel 1,WADE,unspe,unkno,172.0,168.0,182.0,0.95,UNSP,UNSP,UNSP,unkn,UNSP,UNSP,UNSP,,4.870497614,3.422904,163.25017352727275,-158.37967591327276,-163.99963178209092,30.37513764149871,-165.18010428545452
165,2006-12-05 15:07:00,606,USGS,12061500.0,515.0,12/5/2006 15:07,PST,Yes,RES,USGS,12.64,923.0,Good,0.0,0.9,Clear,NONE,1.0,Imported Channel 1,WADE,unspe,unkno,923.0,175.0,415.0,2.22,UNSP,UNSP,UNSP,unkn,UNSP,UNSP,UNSP,,26.1364494,3.852672,238.26738836363634,-212.13093896363634,-179.84733366345458,30.988429233398953,-165.18010428545452
166,2007-02-05 14:13:00,607,USGS,12061500.0,516.0,2/5/2007 14:13,PST,Yes,RES,USGS,12.32,679.0,Good,0.01,0.6,Clear,NONE,1.0,Imported Channel 1,WADE,unspe,unkno,679.0,173.0,348.0,1.95,UNSP,UNSP,UNSP,unkn,UNSP,UNSP,UNSP,,19.22713884,3.755136,220.25792014545453,-201.03078130545452,-198.15133510318182,29.119555482789593,-165.18010428545452
167,2007-04-12 16:10:00,608,USGS,12061500.0,517.0,4/12/2007 16:10,PDT,Yes,LRG,USGS,12.65,874.0,Fair,-0.01,1.1,Clear,NONE,1.0,Imported Channel 1,WADE,unspe,unkno,874.0,173.0,405.0,2.11,UNSP,UNSP,UNSP,unkn,UNSP,UNSP,UNSP,,24.74892392,3.85572,238.83570181818175,-214.08677789818174,-206.58086013454545,27.078656526170374,-173.18732068681817
168,2007-05-31 13:46:00,609,USGS,12061500.0,518.0,5/31/2007 13:46,PDT,Yes,RES,USGS,12.1,538.0,Good,0.0,0.8,Clear,NONE,1.0,Imported Channel 1,WADE,unspe,unkno,538.0,173.0,314.0,1.71,UNSP,UNSP,UNSP,unkn,UNSP,UNSP,UNSP,,15.23446347,3.68808,208.2276276363636,-192.99316416636358,-198.15133510318182,24.513245384262657,-185.82649831727275
169,2007-08-07 12:18:00,610,USGS,12061500.0,519.0,8/7/2007 12:18,PDT,Yes,RES,USGS,11.65,343.0,Good,0.0,0.6,Clear,NONE,1.0,Imported Channel 1,WADE,unspe,unkno,343.0,170.0,235.0,1.46,UNSP,UNSP,UNSP,unkn,UNSP,UNSP,UNSP,,9.712678381,3.55092,184.43468945454546,-174.72201107354547,-194.13252653363634,23.162781760133914,-185.82649831727275
170,2007-10-09 11:11:00,611,USGS,12061500.0,520.0,10/9/2007 11:11,PDT,Yes,RES,USGS,12.57,977.0,Good,-0.02,1.0,Clear,NONE,1.0,Imported Channel 1,WADE,unspe,unkno,977.0,175.0,398.0,2.45,UNSP,UNSP,UNSP,unkn,UNSP,UNSP,UNSP,,27.66555912,3.831336,234.28919418181815,-206.62363506181813,-194.13252653363634,21.930077730801088,-191.72581185636363
171,2007-12-12 13:15:00,612,USGS,12061500.0,521.0,12/12/2007 13:15,PST,Yes,RES,USGS,13.05,982.0,Good,0.0,0.9,Clear,NONE,1.0,Imported Channel 1,WADE,unspe,unkno,982.0,180.0,518.0,1.9,UNSP,UNSP,UNSP,unkn,UNSP,UNSP,UNSP,,27.80714335,3.97764,262.11934399999996,-234.31220064999997,-197.01197273590907,26.417827297820995,-192.99316416636358
172,2008-01-23 15:02:00,613,USGS,12061500.0,522.0,1/23/2008 15:02,PST,Yes,RES,USGS,12.68,766.0,Good,0.02,0.9,Clear,NONE,1.0,Imported Channel 1,WADE,unspe,unkno,766.0,178.0,423.0,1.81,UNSP,UNSP,UNSP,unkn,UNSP,UNSP,UNSP,,21.69070449,3.864864,240.54064218181813,-218.84993769181813,-203.82720818363634,25.76430826858004,-194.13252653363634
173,2008-04-08 13:58:00,614,USGS,12061500.0,523.0,4/8/2008 13:58,PDT,Yes,RES,USGS,12.96,925.0,Good,0.0,0.9,Clear,NONE,1.0,Imported Channel 1,WADE,unspe,unkno,925.0,179.0,470.0,1.97,UNSP,UNSP,UNSP,unkn,UNSP,UNSP,UNSP,,26.1930831,3.950208,256.82165163636364,-230.62856853636364,-209.37728701272724,23.781736254359803,-198.15133510318182
174,2008-05-07 13:15:00,615,USGS,12061500.0,524.0,5/7/2008 13:15,PDT,Yes,RES,USGS,12.88,958.0,Good,0.0,1.0,Clear,NONE,1.0,Imported Channel 1,WADE,unspe,unkno,958.0,178.0,461.0,2.08,UNSP,UNSP,UNSP,unkn,UNSP,UNSP,UNSP,,27.12753904,3.925824,252.1199730909091,-224.9924340509091,-213.10885843090904,18.122481865115986,-201.03078130545452
175,2008-05-29 13:58:00,616,USGS,12061500.0,525.0,5/29/2008 13:58,PDT,Yes,RES,USGS,12.86,899.0,Good,0.0,0.9,Clear,NONE,1.0,Imported Channel 1,WADE,unspe,unkno,899.0,179.0,455.0,1.98,UNSP,UNSP,UNSP,unkn,UNSP,UNSP,UNSP,,25.45684509,3.919728,250.9454139636364,-225.4885688736364,-216.46835779499992,18.695294870803107,-206.62363506181813
176,2008-08-06 15:26:00,617,USGS,12061500.0,526.0,8/6/2008 15:26,PDT,Yes,RES,USGS,12.05,399.0,Good,0.0,1.0,Clear,NONE,1.0,Imported Channel 1,WADE,QSCMM,VADV,399.0,176.0,304.0,1.32,FIRM,GRVL,EVEN,unkn,EVEN,UNSP,DNST,5.0,11.29842179,3.67284,205.53458109090906,-194.23615930090907,-216.46835779499992,19.268010966631905,-206.62363506181813
177,2008-10-06 16:45:00,618,USGS,12061500.0,527.0,10/6/2008 16:45,PDT,Yes,RES,USGS,12.89,946.0,Good,-0.01,0.9,Clear,NONE,1.0,Imported Channel 1,WADE,QSCMM,VADV,946.0,179.0,446.0,2.12,FIRM,SAND,EVEN,unkn,EVEN,UNSP,DNST,5.0,26.78773688,3.928872,252.70768290909095,-225.91994602909094,-221.9211858713636,19.787682676095955,-213.10885843090904
178,2008-12-08 13:40:00,619,USGS,12061500.0,528.0,12/8/2008 13:40,PST,Yes,RES,USGS,12.65,657.0,Good,0.0,1.0,Clear,NONE,1.0,Imported Channel 1,WADE,QSCMM,VADV,657.0,180.0,386.0,1.7,FIRM,GRVL,EVEN,unkn,EVEN,UNSP,ATGA,,18.60416821,3.85572,238.83570181818175,-220.23153360818173,-222.6119838295454,18.58469864907211,-214.08677789818174
179,2009-01-23 09:44:00,620,USGS,12061500.0,529.0,1/23/2009 9:44,PST,Yes,RES,USGS,13.42,1050.0,Good,0.0,0.9,Clear,NONE,1.0,Imported Channel 1,WADE,QSCMM,VADV,1050.0,180.0,516.0,2.03,FIRM,SAND,EVEN,unkn,EVEN,UNSP,DNST,5.0,29.73268892,4.090416,284.4238197818183,-254.6911308618183,-225.24050146227276,16.076345110935144,-214.08677789818174
180,2009-03-24 15:29:00,621,USGS,12061500.0,530.0,3/24/2009 15:29,PDT,Yes,RES,USGS,13.36,1080.0,Good,-0.01,1.0,Clear,NONE,1.0,Imported Channel 1,WADE,QSCMM,VADV,1080.0,180.0,508.0,2.13,FIRM,GRVL,EVEN,unkn,EVEN,UNSP,DNST,10.0,30.58219432,4.072128,280.7665358545455,-250.18434153454552,-225.70425745136367,16.84914141994472,-214.08677789818174
181,2009-05-13 12:36:00,622,USGS,12061500.0,531.0,5/13/2009 12:36,PDT,Yes,RES,USGS,13.25,1040.0,Good,0.0,1.0,Clear,NONE,1.0,Imported Channel 1,WADE,QSCMM,VADV,1040.0,180.0,486.0,2.14,FIRM,GRVL,EVEN,unkn,EVEN,UNSP,DNST,10.0,29.44952046,4.0386,274.09202545454536,-244.64250499454536,-225.70425745136367,17.583011889041316,-214.08677789818174
182,2009-07-14 12:56:00,623,USGS,12061500.0,532.0,7/14/2009 12:56,PDT,Yes,RES,USGS,12.21,376.0,Good,0.0,0.8,Clear,NONE,1.0,Imported Channel 1,WADE,QSCMM,VADV,376.0,176.0,301.0,1.25,FIRM,GRVL,EVEN,unkn,EVEN,UNSP,DNST,10.0,10.64713432,3.721608,214.22304712727268,-203.5759128072727,-225.70425745136367,19.15457476417742,-214.08677789818174
183,2009-10-07 12:56:00,624,USGS,12061500.0,533.0,10/7/2009 12:56,PDT,Yes,RES,USGS,11.75,184.0,Good,0.0,0.8,Clear,NONE,1.0,Imported Channel 1,WADE,QSCMM,VADV,184.0,176.0,221.0,0.84,FIRM,GRVL,EVEN,unkn,EVEN,UNSP,DNST,10.0,5.210299773,3.5814,189.61684363636365,-184.40654386336365,-225.24050146227276,23.409186331054237,-218.84993769181813
184,2009-12-04 15:27:00,625,USGS,12061500.0,534.0,12/4/2009 15:27,PST,Yes,RES/ERP,USGS,13.7,1410.0,Good,-0.01,0.3,Clear,NONE,1.0,Imported Channel 1,BRDS,QADCP,VADCP,1410.0,198.0,505.0,2.8,FIRM,GRVL,EVEN,unkn,EVEN,UNSP,DNST,30.0,39.92675369,4.17576,301.7856021818182,-261.8588484918182,-225.70425745136367,26.487024848672228,-220.23153360818173
185,2010-01-06 09:32:00,626,USGS,12061500.0,535.0,1/6/2010 9:32,PST,Yes,RES,USGS,14.47,2460.0,Good,-0.01,0.3,Clear,NONE,1.0,Imported Channel 1,BRDS,QADCP,VADCP,2460.0,199.0,656.0,3.66,FIRM,SAND,EVEN,unkn,EVEN,UNSP,DNST,50.0,69.65944262,4.410456,351.5509605818182,-281.8915179618182,-235.28122551181815,31.728840543999066,-222.6119838295454
186,2010-02-02 15:22:00,627,USGS,12061500.0,536.0,2/2/2010 15:22,PST,Yes,RES,USGS,13.43,1260.0,Good,0.0,0.3,Clear,NONE,1.0,Imported Channel 1,UNSP,QADCP,VADCP,1260.0,186.0,441.0,2.78,FIRM,SAND,EVEN,unkn,EVEN,UNSP,DNST,50.0,35.67922671,4.093464,285.03995912727277,-249.36073241727277,-247.00161870590907,29.08574632760035,-224.9924340509091
187,2010-03-30 11:05:00,628,USGS,12061500.0,537.0,3/30/2010 11:05,PDT,Yes,CAC,USGS,15.01,3100.0,Unspecified,,0.4,Unspecifed,NONE,1.0,Imported Channel 1,BRDS,QADCP,VADCP,3100.0,197.0,742.0,4.15,UNSP,UNSP,UNSP,unkn,UNSP,UNSP,UNSP,,87.78222444,4.575048,388.2278479999999,-300.4456235599999,-249.77253697590913,34.73741823051389,-225.4885688736364
188,2010-04-23 12:55:00,629,USGS,12061500.0,538.0,4/23/2010 12:55,PDT,Yes,RES/MKB,USGS,13.19,1100.0,Good,0.0,0.2,Clear,NONE,1.0,Imported Channel 1,BRDS,QADCP,VADCP,1100.0,174.0,400.0,2.76,FIRM,GRVL,EVEN,unkn,EVEN,UNSP,DNST,50.0,31.14853125,4.020312,270.48150429090896,-239.33297304090897,-249.77253697590913,33.726716460769076,-225.91994602909094
189,2010-06-17 13:50:00,630,USGS,12061500.0,539.0,6/17/2010 13:50,PDT,Yes,RES,USGS,12.76,754.0,Good,0.0,0.3,Clear,NONE,1.0,Imported Channel 1,BRDS,QADCP,VADCP,754.0,173.0,325.0,2.32,FIRM,GRVL,EVEN,unkn,EVEN,UNSP,DNST,50.0,21.35090233,3.889248,245.16474341818179,-223.8138410881818,-247.00161870590907,34.35587549027601,-225.91994602909094
190,2010-09-07 15:38:00,631,USGS,12061500.0,540.0,9/7/2010 15:38,PDT,Yes,RES,USGS,12.04,303.0,Good,0.0,0.7,Clear,NONE,1.0,Imported Channel 1,WADE,QSCMM,VADV,303.0,162.0,239.0,1.27,FIRM,GRVL,EVEN,unkn,EVEN,STND,DNST,10.0,8.580004517,3.669792,204.9959717818182,-196.41596726481822,-241.98773901772716,37.34908469422933,-225.91994602909094
191,2010-10-14 15:10:00,632,USGS,12061500.0,541.0,10/14/2010 15:10,PDT,Yes,RES/MKB,USGS,12.82,893.0,Good,0.0,0.3,Clear,NONE,1.0,Imported Channel 1,BRDS,QADCP,VADCP,893.0,175.0,323.0,2.76,FIRM,SAND,EVEN,unkn,EVEN,UNFM,DNST,50.0,25.28694401,3.907536,248.63314574545453,-223.34620173545454,-231.5734070645454,37.571135494364164,-225.91994602909094
192,2010-12-03 09:30:00,633,USGS,12061500.0,542.0,12/3/2010 9:30,PST,Yes,RES/MKB,USGS,13.56,1540.0,Good,-0.01,0.3,Clear,NONE,1.0,Imported Channel 1,BRDS,QADCP,VADCP,1540.0,176.0,473.0,3.22,FIRM,SAND,EVEN,unkn,EVEN,STND,DNST,50.0,43.60794375,4.133088,293.04977061818187,-249.44182686818186,-244.34685272909087,35.874009886002135,-228.2742572827273
193,2010-12-16 12:17:00,634,USGS,12061500.0,543.0,12/16/2010 12:17,PST,Yes,RES,USGS,15.07,3350.0,Good,-0.02,0.6,Clear,NONE,1.0,Imported Channel 1,BRDS,QADCP,VADCP,3350.0,203.0,825.0,3.92,FIRM,SAND,EVEN,unkn,EVEN,STND,DNST,50.0,94.86143608,4.593336,392.3994891636363,-297.5380530836363,-249.40127964272733,33.81198540603474,-228.2742572827273
194,2011-03-30 13:59:00,636,USGS,12061500.0,545.0,3/30/2011 13:59,PDT,Yes,RES,USGS,14.58,2590.0,Good,0.04,0.3,Clear,NONE,1.0,Imported Channel 1,BRDS,QADCP,VADCP,2590.0,189.0,627.0,4.08,FIRM,GRVL,EVEN,unkn,EVEN,STND,DNST,30.0,73.34063267,4.443984,358.91922283636376,-285.57859016636377,-249.40127964272733,35.35057715023676,-234.9807707886363
195,2011-04-07 14:22:00,637,USGS,12061500.0,546.0,4/7/2011 14:22,PDT,Yes,RES,USGS,13.91,1820.0,Good,0.0,0.3,Clear,NONE,1.0,Imported Channel 1,BRDS,QADCP,VADCP,1820.0,184.0,504.0,3.55,FIRM,GRVL,EVEN,unkn,EVEN,STND,DNST,30.0,51.5366608,4.239768,315.0563255272727,-263.5196647272727,-249.40127964272733,34.241353417504016,-239.33297304090897
196,2011-04-12 14:59:00,638,USGS,12061500.0,547.0,4/12/2011 14:59,PDT,Yes,RES,USGS,14.0,1950.0,Good,-0.01,0.3,Clear,NONE,1.0,Imported Channel 1,BRDS,QADCP,VADCP,1950.0,189.0,532.0,3.63,FIRM,GRVL,EVEN,unkn,EVEN,STND,DNST,30.0,55.21785085,4.2672,320.8208909090909,-265.6030400590909,-256.4807457977273,34.440549425625456,-244.64250499454536
197,2011-06-06 14:41:00,639,USGS,12061500.0,548.0,6/6/2011 14:41,PDT,Yes,RES,USGS,13.22,1170.0,Good,0.0,0.3,Clear,NONE,1.0,Imported Channel 1,BRDS,QADCP,VADCP,1170.0,178.0,380.0,3.08,FIRM,SAND,EVEN,unkn,EVEN,STND,DNST,30.0,33.13071051,4.029456,272.27339578181807,-239.14268527181807,-244.3873999545454,30.59564869767872,-247.00161870590907
198,2011-08-01 12:08:00,640,USGS,12061500.0,549.0,8/1/2011 12:08,PDT,Yes,MKB/RES,USGS,12.34,398.0,Good,0.0,1.0,Clear,NONE,1.0,Imported Channel 1,WADE,QSCMM,VADV,398.0,164.0,278.0,1.43,FIRM,GRVL,EVEN,unkn,EVEN,STND,DNST,5.0,11.27010494,3.761232,221.37492901818186,-210.10482407818185,-244.29225606999995,32.86700950764725,-244.64250499454536
199,2011-08-01 12:16:00,641,USGS,12061500.0,550.0,8/1/2011 12:16,PDT,Yes,RES/MKB,USGS,12.34,404.0,Good,0.0,1.1,Clear,NONE,1.0,Imported Channel 1,WADE,QSCMM,VADV,404.0,164.0,278.0,1.45,FIRM,GRVL,EVEN,unkn,EVEN,STND,DNST,5.0,11.44000602,3.761232,221.37492901818186,-209.93492299818186,-244.29225606999995,34.150176087906345,-241.98773901772716
200,2011-08-01 13:09:00,642,USGS,12061500.0,551.0,8/1/2011 13:09,PDT,Yes,MKB/RES,USGS,12.33,374.0,Good,0.0,0.6,Clear,NONE,1.0,Imported Channel 1,WADE,QSCMM,VPAA,374.0,164.0,278.0,1.35,FIRM,GRVL,EVEN,unkn,EVEN,STND,DNST,5.0,10.59050063,3.758184,220.8164245818182,-210.2259239518182,-244.29225606999995,32.23483089268673,-239.33297304090897
201,2011-08-19 11:36:00,643,USGS,12061500.0,552.0,8/19/2011 11:36,PDT,Yes,cco,USGS,12.16,324.0,Good,0.02,0.3,Clear,NONE,1.0,main,WADE,QADCP,VADCP,324.0,161.0,221.0,1.47,FIRM,GRVL,EVEN,unkn,EVEN,UNFM,DNST,20.0,9.174658296,3.706368,211.48012421818177,-202.30546592218178,-244.29225606999995,34.44817383579554,-239.33297304090897
202,2011-08-19 13:10:00,644,USGS,12061500.0,553.0,8/19/2011 13:10,PDT,Yes,cco,USGS,12.18,306.0,Good,0.03,0.9,Clear,NONE,1.0,main,WADE,QSCMM,VPAA,306.0,163.0,220.0,1.39,FIRM,GRVL,EVEN,unkn,EVEN,UNFM,DNST,20.0,8.664955057,3.712464,212.5772933818182,-203.91233832481822,-224.68430461181813,36.4997098181459,-239.23782915636352
203,2011-09-12 15:15:00,645,USGS,12061500.0,554.0,9/12/2011 15:15,PDT,Yes,RES,USGS,12.2,310.0,Good,0.0,0.8,Clear,NONE,1.0,Imported Channel 1,WADE,QSCMM,VADV,310.0,165.0,253.0,1.23,FIRM,GRVL,EVEN,unkn,EVEN,STND,ATGA,,8.778222444,3.71856,213.67446254545456,-204.89624010145457,-210.16537401500003,31.320250725344,-239.14268527181807
204,2011-09-28 14:27:00,646,USGS,12061500.0,555.0,9/28/2011 14:27,PDT,Yes,RES,USGS,13.12,1130.0,Good,0.0,0.4,Clear,NONE,1.0,Imported Channel 1,BRDS,QADCP,VADCP,1130.0,183.0,384.0,2.95,FIRM,GRVL,EVEN,unkn,EVEN,STND,DNST,30.0,31.99803665,3.998976,266.3004241454545,-234.3023874954545,-210.16537401500003,24.5995635829783,-236.72253638363628
205,2011-11-10 13:37:00,647,USGS,12061500.0,556.0,11/10/2011 13:37,PST,Yes,RES,USGS,12.69,692.0,Good,0.0,0.3,Clear,NONE,1.0,Imported Channel 1,BRDS,QADCP,VADCP,692.0,169.0,288.0,2.4,FIRM,GRVL,EVEN,unkn,EVEN,STND,DNST,30.0,19.59525784,3.867912,241.1182740363636,-221.5230161963636,-210.16537401500003,20.405235577380775,-236.72253638363628
206,2011-11-15 12:45:00,648,USGS,12061500.0,557.0,11/15/2011 12:45,PST,Yes,RES,USGS,12.81,792.0,Good,0.0,0.5,FillControlChanged,NONE,1.0,Imported Channel 1,BRDS,QADCP,VADCP,792.0,169.0,307.0,2.58,FIRM,GRVL,EVEN,unkn,EVEN,STND,DNST,30.0,22.4269425,3.904488,248.05507869090914,-225.62813619090915,-210.16537401500003,13.145337469174034,-234.3023874954545
207,2011-12-09 14:51:00,649,USGS,12061500.0,558.0,12/9/2011 14:51,PST,Yes,RES,USGS,13.04,883.0,Good,0.0,0.3,Clear,NONE,1.0,Imported Channel 1,BRDS,QADCP,VADCP,883.0,177.0,336.0,2.63,FIRM,GRVL,EVEN,unkn,EVEN,STND,DNST,30.0,25.00377554,3.974592,261.5233301818181,-236.5195546418181,-210.16537401500003,12.653571583242792,-236.5195546418181
208,2012-05-08 15:43:00,651,USGS,12061500.0,560.0,5/8/2012 15:43,PDT,Yes,RES,USGS,13.3,1140.0,Good,0.0,0.3,Clear,NONE,1.0,Imported Channel 1,BRDS,QADCP,VADCP,1140.0,181.0,376.0,3.03,FIRM,GRVL,EVEN,unkn,EVEN,STND,DNST,30.0,32.28120511,4.05384,277.1258938181818,-244.8446887081818,-223.57557619363638,40.54891235866474,-235.4109710686363
209,2012-07-17 13:57:00,652,USGS,12061500.0,561.0,7/17/2012 13:57,PDT,Yes,RES,USGS,12.35,423.0,Good,0.0,0.3,Clear,NONE,1.0,Imported Channel 1,BRDS,QADCP,VADCP,423.0,175.0,189.0,2.23,FIRM,GRVL,EVEN,unkn,EVEN,STND,DNST,30.0,11.97802611,3.76428,221.93343345454545,-209.95540734454545,-223.57557619363638,40.56541847373505,-234.3023874954545
210,2012-10-16 14:28:00,653,USGS,12061500.0,562.0,10/16/2012 14:28,PDT,Yes,RES,USGS,13.67,1690.0,Good,-0.03,0.3,Clear,NONE,1.0,Imported Channel 1,BRDS,QADCP,VADCP,1690.0,181.0,448.0,3.78,FIRM,GRVL,EVEN,unkn,EVEN,STND,DNST,30.0,47.85547074,4.166616,299.9090871272728,-252.05361638727283,-229.96526184318182,39.50826284197962,-236.5195546418181
211,2013-01-15 14:07:00,654,USGS,12061500.0,563.0,1/15/2013 14:07,PST,Yes,RES,USGS,13.82,1310.0,Good,0.0,0.3,Clear,NONE,1.0,Imported Channel 1,BRDS,QADCP,VADCP,1310.0,181.0,431.0,3.05,FIRM,GRVL,EVEN,unkn,EVEN,STND,DNST,30.0,37.09506904,4.212336,309.3439855999999,-272.2489165599999,-235.4109710686363,38.99364729157057,-235.4109710686363
212,2013-04-08 13:50:00,655,USGS,12061500.0,564.0,4/8/2013 13:50,PDT,Yes,RES,USGS,14.83,2580.0,Good,0.0,0.3,Clear,NONE,1.0,Imported Channel 1,BRDS,QADCP,VADCP,2580.0,183.0,637.0,4.05,FIRM,GRVL,EVEN,unkn,EVEN,STND,DNST,30.0,73.05746421,4.520184,375.8425941818182,-302.78512997181815,-240.68212167499996,40.307194558266985,-234.3023874954545
213,2013-06-26 11:56:00,656,USGS,12061500.0,565.0,6/26/2013 11:56,PDT,Yes,RES,USGS,12.92,823.0,Good,0.0,0.3,Clear,NONE,1.0,Imported Channel 1,BRDS,QADCP,VADCP,823.0,181.0,284.0,2.89,FIRM,GRVL,EVEN,unkn,EVEN,STND,DNST,40.0,23.30476475,3.938016,254.4708123636364,-231.1660476136364,-240.68212167499996,40.48882450350686,-232.73421755454547
214,2013-08-14 13:36:00,657,USGS,12061500.0,566.0,8/14/2013 13:36,PDT,Yes,RES,USGS,12.12,273.0,Good,0.0,0.5,Clear,NONE,1.0,Imported Channel 1,WADE,QSCMM,VADV,273.0,163.0,174.0,1.56,FIRM,GRVL,EVEN,unkn,EVEN,STND,ATGA,,7.73049912,3.694176,209.30484625454545,-201.57434713454546,-240.68212167499996,42.67885239345729,-231.1660476136364
215,2013-11-12 14:44:00,658,USGS,12061500.0,567.0,11/12/2013 14:44,PST,Yes,RES,USGS,13.29,1010.0,Good,0.0,0.4,,NONE,1.0,Channel 1,BRDS,QADCP,VADCP,1010.0,182.0,330.0,3.07,FIRM,GRVL,EVEN,unkn,EVEN,STND,DNST,30.0,28.60001506,4.050792,276.5191201454546,-247.91910508545462,-246.3818968968182,41.741245534275215,-235.4109710686363
216,2014-02-05 14:26:00,659,USGS,12061500.0,568.0,2/5/2014 14:26,PST,Yes,RES,USGS,13.0,724.0,Good,0.0,0.4,Clear,NONE,1.0,Imported Channel 1,BRDS,QADCP,VADCP,724.0,184.0,282.0,2.57,FIRM,GRVL,EVEN,unkn,EVEN,STND,DNST,30.0,20.50139693,3.9624,259.1724909090909,-238.67109397909093,-246.3818968968182,41.64733174541338,-234.3023874954545
217,2014-04-14 15:12:00,660,USGS,12061500.0,569.0,4/14/2014 15:12,PDT,Yes,RES,USGS,13.26,864.0,Good,0.0,0.3,Clear,NONE,1.0,Imported Channel 1,BRDS,QADCP,VADCP,864.0,182.0,320.0,2.71,FIRM,GRVL,EVEN,unkn,EVEN,STND,DNST,30.0,24.46575546,4.041648,274.69879912727276,-250.23304366727277,-246.3818968968182,28.891447565509306,-231.1660476136364
218,2014-06-10 15:27:00,661,USGS,12061500.0,570.0,6/10/2014 15:27,PDT,Yes,RES,USGS,12.68,476.0,Good,0.0,0.3,Clear,NONE,1.0,MAIN,BRDS,QADCP,VADCP,476.0,171.0,212.0,2.25,FIRM,GRVL,EVEN,unkn,EVEN,STND,DNST,30.0,13.47881898,3.864864,240.54064218181813,-227.06182320181813,-243.2950995322728,29.45379566963728,-227.06182320181813
219,2014-08-04 11:41:00,662,USGS,12061500.0,576.0,8/4/2014 11:41,PDT,Yes,RES,USGS,12.27,279.0,Fair,-0.01,1.1,Clear,NONE,1.0,Rodeo06 - u.s.,WADE,QSCMM,VADV,279.0,145.0,243.0,1.15,FIRM,GRVL,EVEN,unkn,UNSP,UNSP,UPST,80.0,7.900400199,3.739896,217.51455461818182,-209.61415441918183,-243.2950995322728,29.496973535050994,-231.1660476136364
220,2014-08-04 13:46:00,663,USGS,12061500.0,582.0,8/4/2014 13:46,PDT,Yes,RES,USGS,12.26,293.0,Good,-0.01,1.0,Clear,NONE,1.0,AA - d.s.,WADE,QSCMM,VPAA,293.0,166.0,187.0,1.57,FIRM,GRVL,EVEN,unkn,UNSP,UNSP,DNST,5.0,8.296836051,3.736848,216.96597003636367,-208.66913398536366,-234.91857079636367,31.212413016455326,-229.11393540772727
221,2014-10-01 13:03:00,664,USGS,12061500.0,585.0,10/1/2014 13:03,PDT,Yes,RES,USGS,12.35,418.0,Good,0.0,1.0,Clear,NONE,1.0,SKOP1001,WADE,QSCMM,VADV,418.0,168.0,203.0,2.05,FIRM,GRVL,EVEN,unkn,EVEN,STND,DNST,10.0,11.83644188,3.76428,221.93343345454545,-210.09699157454546,-229.11393540772727,30.020046505972683,-231.1660476136364
222,2014-12-01 11:27:00,665,USGS,12061500.0,586.0,12/1/2014 11:27,PST,Yes,BWF,USGS,14.87,2920.0,Good,-0.01,0.5,Clear,NONE,1.0,12061500.20141201.586.streampro,BRDS,QADCP,VADCP,2920.0,197.0,733.0,3.99,UNSP,UNSP,UNSP,unkn,UNEV,UNSP,ATGA,,82.68519205,4.532376,378.58397599999995,-295.89878394999994,-229.11393540772727,28.263318679857935,-237.59532431045452
223,2014-12-17 14:10:00,666,USGS,12061500.0,587.0,12/17/2014 14:10,PST,Yes,BWF,USGS,14.28,1670.0,Good,0.0,0.3,,NONE,1.0,12061500.20141217.587.streampro,BRDS,QADCP,VADCP,1670.0,184.0,483.0,3.45,UNSP,UNSP,UNSP,unkn,EVEN,UNSP,DNST,60.0,47.28913381,4.352544,338.99351810909087,-291.70438429909086,-232.86645859045453,33.95391315885639,-241.75789134363635
224,2015-01-14 10:50:00,667,USGS,12061500.0,588.0,1/14/2015 10:50,PST,Yes,BWF,USGS,13.64,1140.0,Good,0.0,0.5,,NONE,1.0,12061500.20150114.588.streampro,BRDS,QADCP,VADCP,1140.0,193.0,363.0,3.14,FIRM,GRVL,EVEN,unkn,EVEN,STND,DNST,40.0,32.28120511,4.157472,298.03257207272736,-265.7513669627274,-243.2950995322728,32.29849576099988,-244.8446887081818
225,2015-05-06 15:36:00,668,USGS,12061500.0,589.0,5/6/2015 15:36,PDT,Yes,BWF,USGS,12.92,529.0,Good,0.0,1.4,,NONE,1.0,12061500.20150506.589.flowtracker,WADE,QSCMM,VADV,529.0,172.0,263.0,2.01,FIRM,GRVL,EVEN,unkn,EVEN,STND,DNST,40.0,14.97961185,3.938016,254.4708123636364,-239.49120051363641,-239.08114724636368,32.311118056869624,-242.1679446109091
226,2015-06-02 11:20:00,669,USGS,12061500.0,590.0,6/2/2015 11:20,PDT,Yes,RES/EJR,USGS,12.7,382.0,Good,-0.01,1.3,Clear,NONE,1.0,12061500.20150602.590.flowtracker,WADE,QSCMM,VADV,382.0,170.0,240.0,1.59,FIRM,GRVL,EVEN,unkn,EVEN,STND,ATGA,,10.8170354,3.87096,241.6963410909091,-230.8793056909091,-235.18525310227275,32.5395202949394,-239.08114724636368
227,2015-07-08 13:32:00,670,USGS,12061500.0,591.0,7/8/2015 13:32,PDT,Yes,RES/EJR,USGS,12.39,254.0,Good,0.0,0.9,Clear,NONE,1.0,12061500.20150708.591.flowtracker,WADE,QSCMM,VADV,254.0,165.0,194.0,1.31,FIRM,GRVL,EVEN,unkn,EVEN,STND,ATGA,,7.192479034,3.776472,224.16745120000002,-216.97497216600001,-228.9705644463636,33.3995491219989,-238.67109397909093
228,2015-08-26 14:56:00,671,USGS,12061500.0,592.0,8/26/2015 14:56,PDT,Yes,RES,USGS,12.2,223.0,Good,0.0,0.7,Clear,NONE,1.0,12061500.20150826.592.flowtracker,WADE,QSCMM,VADV,223.0,161.0,156.0,1.43,FIRM,GRVL,EVEN,unkn,EVEN,STND,ATGA,,6.31465679,3.71856,213.67446254545456,-207.35980575545457,-223.92713892845455,34.77504889320487,-238.67109397909093
229,2015-10-28 14:28:00,672,USGS,12061500.0,593.0,10/28/2015 14:28,PDT,Yes,RES,USGS,13.21,819.0,Good,0.0,1.0,Clear,NONE,1.0,12061500.20151028.593.flowtracker,WADE,QSCMM,VADV,819.0,171.0,337.0,2.43,FIRM,GRVL,EVEN,unkn,EVEN,STND,ATGA,,23.19149736,4.026408,271.67609861818175,-248.48460125818175,-235.18525310227275,33.44064507324486,-238.67109397909093
230,2016-02-08 13:51:00,673,USGS,12061500.0,594.0,2/8/2016 13:51,PST,Yes,RES,USGS,14.87,1950.0,Good,0.0,0.5,Clear,NONE,1.0,12061500.20160208.594.streampro,BRDS,QADCP,VADCP,1950.0,186.0,554.0,3.53,FIRM,GRVL,EVEN,unkn,EVEN,STND,DNST,40.0,55.21785085,4.532376,378.58397599999995,-323.36612514999996,-243.98790088590908,39.952782756475244,-238.67109397909093
231,2016-04-13 13:19:00,674,USGS,12061500.0,595.0,4/13/2016 13:19,PDT,Yes,RES,USGS,13.96,1170.0,Good,0.0,0.4,Clear,NONE,1.0,12061500.20160413.595.streampro,BRDS,QADCP,VADCP,1170.0,185.0,399.0,2.94,FIRM,GRVL,EVEN,unkn,EVEN,STND,DNST,40.0,33.13071051,4.255008,318.2450538181819,-285.1143433081819,-257.1179841104546,37.99680274847407,-238.67109397909093
232,2016-06-15 16:18:00,675,USGS,12061500.0,596.0,6/15/2016 16:18,PDT,Yes,RES,USGS,12.97,458.0,Good,0.0,0.3,Clear,NONE,1.0,12061500.20160615.596.flowtracker,BRDS,QADCP,VADCP,458.0,189.0,221.0,2.08,FIRM,GRVL,EVEN,unkn,EVEN,STND,DNST,30.0,12.96911574,3.953256,257.40936145454543,-244.44024571454543,-246.4624234863636,36.10803697803561,-239.08114724636368
233,2016-08-10 16:18:00,676,USGS,12061500.0,597.0,8/10/2016 16:18,PDT,Yes,RES/KRL,USGS,12.62,268.0,Good,0.0,0.8,Clear,NONE,1.0,12061500.20160810.597.flowtracker,WADE,QSCMM,VADV,268.0,160.0,214.0,1.25,FIRM,GRVL,EVEN,unkn,EVEN,STND,ATGA,,7.588914887,3.846576,237.13076145454548,-229.5418465675455,-241.9657231140909,34.46888989094004,-239.08114724636368
234,2016-12-20 14:29:00,677,USGS,12061500.0,598.0,12/20/2016 14:29,PST,Yes,KRL/CDB,USGS,14.75,1980.0,Good,0.02,1.5,Clear,NONE,1.0,Main,WADE,QSCMM,VPAA,1980.0,170.0,560.0,3.53,FIRM,GRVL,EVEN,unkn,EVEN,STND,ATGA,,56.06735625,4.4958,370.4027454545454,-314.33538920454544,-241.9657231140909,40.04353578189574,-239.49120051363641
235,2017-03-31 12:08:00,678,USGS,12061500.0,599.0,3/31/2017 12:08,PDT,Yes,KRL/CDB,USGS,15.77,3090.0,Fair,-0.02,0.32,Clear,NONE,1.0,Main,BRDS,QADCP,VADCP,3090.0,190.0,712.0,4.34,FIRM,CBLS,UNEV,unkn,UNEV,STND,DNST,20.0,87.49905597,4.806696,442.25262269090905,-354.753566720909,-246.4624234863636,50.60070035206547,-244.44024571454543
236,2017-04-04 13:05:00,679,USGS,12061500.0,600.0,4/4/2017 13:05,PDT,Yes,KRL/CDB,USGS,14.47,1560.0,Fair,-0.01,0.26,Clear,NONE,1.0,Main,BRDS,QADCP,VADCP,1560.0,186.0,474.0,3.3,FIRM,GRVL,UNEV,unkn,UNEV,STND,DNST,20.0,44.17428068,4.410456,351.5509605818182,-307.3766799018182,-266.79947228318184,50.56341337810424,-246.4624234863636
237,2017-06-07 16:03:00,680,USGS,12061500.0,601.0,6/7/2017 16:03,PDT,Yes,KRL,USGS,13.42,791.0,Good,0.0,1.12,Clear,NONE,1.0,Main,WADE,QSCMM,VADV,791.0,170.0,337.0,2.35,FIRM,GRVL,EVEN,STDY,EVEN,STND,DNST,15.0,22.39862565,4.090416,284.4238197818183,-262.0251941318183,-273.56976872000007,46.87201674900352,-246.4624234863636
238,2017-08-15 10:31:00,681,USGS,12061500.0,602.0,8/15/2017 10:31,PDT,Yes,KRL,USGS,12.6,319.0,Good,0.0,0.88,Clear,NONE,1.0,Main,WADE,QSCMM,VADV,319.0,162.0,206.0,1.55,FIRM,GRVL,EVEN,STDY,EVEN,STND,DNST,10.0,9.033074063,3.84048,235.9941345454545,-226.9610604824545,-273.56976872000007,43.92157456332323,-255.254897695
239,2017-10-13 12:46:00,682,USGS,12061500.0,603.0,10/13/2017 12:46,PDT,Yes,CDB,USGS,12.58,299.0,Good,0.01,0.9,Clear,NONE,1.0,Main,WADE,QSCMM,VADV,299.0,166.0,190.0,1.57,FIRM,CBLS,EVEN,STDY,EVEN,UNKN,DNST,10.0,8.466737131,3.834384,234.8575076363636,-226.3907705053636,-273.56976872000007,46.161487143054345,-255.254897695
240,2017-12-07 14:44:00,683,USGS,12061500.0,604.0,12/7/2017 14:44,PST,Yes,"KRL, JRM",USGS,14.38,1460.0,Good,-0.01,0.3,Clear,NONE,1.0,Main,BRDS,QADCP,VADCP,1460.0,187.0,468.0,3.11,FIRM,GRVL,EVEN,STDY,EVEN,STND,DNST,40.0,41.34259602,4.383024,345.59223141818177,-304.2496353981818,-273.56976872000007,44.410443281886664,-255.254897695
